account_id,touchpoint_dt,interaction_value
acme-aws-001,2024-10-26,3.0
acme-aws-001,2024-10-29,2.0
acme-aws-001,2024-10-30,2.0
acme-aws-001,2024-11-04,1.0
acme-aws-001,2024-11-06,1.0
acme-aws-001,2024-11-08,3.0
acme-aws-001,2024-11-09,3.0
acme-aws-001,2024-11-12,0.5
acme-aws-001,2024-11-15,1.0
acme-aws-001,2024-11-16,3.0
acme-aws-001,2024-11-20,3.0
acme-aws-001,2024-11-22,3.0
acme-aws-001,2024-11-23,1.0
acme-aws-001,2024-11-24,3.0
acme-aws-001,2024-11-26,2.0
acme-aws-001,2024-11-30,1.0
acme-aws-001,2024-12-09,3.0
acme-aws-001,2024-12-18,3.0
acme-aws-001,2024-12-19,2.0
acme-aws-001,2024-12-22,2.0
acme-aws-001,2024-12-29,3.0
acme-aws-001,2025-01-03,1.0
acme-aws-001,2025-01-05,3.0
acme-aws-001,2025-01-09,1.0
acme-aws-001,2025-01-11,1.0
acme-aws-001,2025-01-14,1.0
acme-aws-001,2025-01-15,3.0
acme-aws-001,2025-01-16,2.0
acme-aws-001,2025-01-18,2.0
acme-aws-001,2025-01-19,3.0
acme-aws-001,2025-01-21,2.0
acme-aws-001,2025-01-22,1.0
airbyte-001,2024-11-02,0.5
airbyte-001,2024-12-18,3.0
airbyte-001,2024-12-23,0.5
airbyte-001,2024-12-30,1.0
airbyte-001,2025-01-06,2.0
airflow-001,2024-10-29,1.0
airflow-001,2024-10-31,1.0
airflow-001,2024-11-06,0.5
airflow-001,2024-11-11,0.5
airflow-001,2024-11-12,1.0
airflow-001,2024-11-14,2.0
airflow-001,2024-11-16,1.0
airflow-001,2024-11-24,0.5
airflow-001,2024-11-30,2.0
airflow-001,2024-12-04,2.0
airflow-001,2024-12-06,3.0
airflow-001,2024-12-08,0.5
airflow-001,2024-12-14,0.5
airflow-001,2024-12-15,2.0
airflow-001,2024-12-17,3.0
airflow-001,2024-12-21,3.0
airflow-001,2024-12-22,3.0
airflow-001,2024-12-23,3.0
airflow-001,2024-12-29,1.0
airflow-001,2025-01-03,3.0
airflow-001,2025-01-13,1.0
airflow-001,2025-01-14,3.0
airflow-001,2025-01-15,2.0
airflow-001,2025-01-18,2.0
alteryx-001,2024-10-27,1.0
alteryx-001,2024-10-28,2.0
alteryx-001,2024-10-29,2.0
alteryx-001,2024-10-31,0.5
alteryx-001,2024-11-03,2.0
alteryx-001,2024-11-06,3.0
alteryx-001,2024-11-07,3.0
alteryx-001,2024-11-16,2.0
alteryx-001,2024-11-19,1.0
alteryx-001,2024-11-20,1.0
alteryx-001,2024-11-23,1.0
alteryx-001,2024-11-25,1.0
alteryx-001,2024-12-08,1.0
alteryx-001,2024-12-12,3.0
alteryx-001,2024-12-18,3.0
alteryx-001,2024-12-30,3.0
alteryx-001,2025-01-19,1.0
alteryx-001,2025-01-21,3.0
amqp-001,2024-10-26,1.0
amqp-001,2024-10-29,1.0
amqp-001,2024-11-14,0.5
amqp-001,2024-11-23,1.0
amqp-001,2024-12-03,1.0
amqp-001,2024-12-24,2.0
amqp-001,2024-12-28,1.0
amqp-001,2025-01-05,1.0
angular-001,2024-10-29,2.0
angular-001,2024-11-08,1.0
angular-001,2024-11-10,1.0
angular-001,2024-11-11,0.5
angular-001,2024-11-13,1.0
angular-001,2024-11-14,3.0
angular-001,2024-11-18,1.0
angular-001,2024-11-19,3.0
angular-001,2024-11-24,0.5
angular-001,2024-11-29,2.0
angular-001,2024-11-30,0.5
angular-001,2024-12-03,1.0
angular-001,2024-12-05,3.0
angular-001,2024-12-17,2.0
angular-001,2024-12-21,1.0
angular-001,2025-01-02,1.0
angular-001,2025-01-03,2.0
angular-001,2025-01-04,2.0
angular-001,2025-01-06,3.0
angular-001,2025-01-16,1.0
angular-001,2025-01-18,2.0
angular-001,2025-01-20,2.0
angular-001,2025-01-21,3.0
ansible-001,2024-11-02,2.0
ansible-001,2024-11-04,2.0
ansible-001,2024-11-06,1.0
ansible-001,2024-11-11,1.0
ansible-001,2024-11-13,1.0
ansible-001,2024-11-26,2.0
ansible-001,2024-11-29,2.0
ansible-001,2024-11-30,1.0
ansible-001,2024-12-06,3.0
ansible-001,2024-12-13,1.0
ansible-001,2024-12-15,2.0
ansible-001,2024-12-16,0.5
ansible-001,2024-12-18,3.0
ansible-001,2024-12-22,0.5
ansible-001,2024-12-27,3.0
ansible-001,2025-01-07,2.0
ansible-001,2025-01-14,0.5
ansible-001,2025-01-15,2.0
ansible-001,2025-01-17,2.0
ansible-001,2025-01-20,3.0
ansible-001,2025-01-23,1.0
anthropic-001,2024-11-01,3.0
anthropic-001,2024-11-02,3.0
anthropic-001,2024-11-14,3.0
anthropic-001,2024-11-15,3.0
anthropic-001,2024-11-19,3.0
anthropic-001,2024-11-22,2.0
anthropic-001,2024-12-01,3.0
anthropic-001,2024-12-02,2.0
anthropic-001,2024-12-05,3.0
anthropic-001,2024-12-19,1.0
anthropic-001,2024-12-23,0.5
anthropic-001,2024-12-26,3.0
anthropic-001,2024-12-27,3.0
anthropic-001,2024-12-29,0.5
anthropic-001,2024-12-30,3.0
anthropic-001,2025-01-01,2.0
anthropic-001,2025-01-03,2.0
anthropic-001,2025-01-05,3.0
anthropic-001,2025-01-08,2.0
anthropic-001,2025-01-10,1.0
anthropic-001,2025-01-12,1.0
anthropic-001,2025-01-13,1.0
anthropic-001,2025-01-18,1.0
anyscale-001,2024-11-09,2.0
anyscale-001,2024-11-29,1.0
anyscale-001,2024-12-26,1.0
anyscale-001,2024-12-31,0.5
anyscale-001,2025-01-10,1.0
anyscale-001,2025-01-18,1.0
argo-001,2024-11-02,1.0
argo-001,2024-11-07,2.0
argo-001,2024-11-15,1.0
argo-001,2024-11-24,2.0
argo-001,2024-11-25,2.0
argo-001,2024-11-26,2.0
argo-001,2024-11-29,0.5
argo-001,2025-01-02,2.0
argo-001,2025-01-08,1.0
argo-001,2025-01-18,1.0
asana-001,2024-10-27,3.0
asana-001,2024-11-06,1.0
asana-001,2024-11-10,1.0
asana-001,2024-11-28,0.5
asana-001,2024-12-11,1.0
asana-001,2024-12-12,1.0
asana-001,2024-12-13,3.0
asana-001,2024-12-15,1.0
asana-001,2024-12-23,1.0
asana-001,2025-01-02,2.0
asana-001,2025-01-05,2.0
asana-001,2025-01-08,1.0
asana-001,2025-01-15,0.5
asana-001,2025-01-20,2.0
astro-001,2024-10-29,1.0
astro-001,2024-12-21,2.0
astro-001,2024-12-26,1.0
astro-001,2024-12-29,1.0
atlan-001,2024-10-30,0.5
atlan-001,2024-11-02,1.0
atlan-001,2024-12-05,3.0
atlan-001,2024-12-13,1.0
aws-lambda-001,2024-10-27,3.0
aws-lambda-001,2024-10-30,1.0
aws-lambda-001,2024-11-01,1.0
aws-lambda-001,2024-11-06,1.0
aws-lambda-001,2024-11-10,3.0
aws-lambda-001,2024-11-15,3.0
aws-lambda-001,2024-11-21,3.0
aws-lambda-001,2024-11-25,1.0
aws-lambda-001,2024-11-27,1.0
aws-lambda-001,2024-12-03,2.0
aws-lambda-001,2024-12-04,3.0
aws-lambda-001,2024-12-11,0.5
aws-lambda-001,2024-12-14,0.5
aws-lambda-001,2024-12-15,1.0
aws-lambda-001,2024-12-21,3.0
aws-lambda-001,2025-01-02,3.0
aws-lambda-001,2025-01-04,1.0
aws-lambda-001,2025-01-05,3.0
aws-lambda-001,2025-01-11,2.0
aws-lambda-001,2025-01-16,2.0
aws-lambda-001,2025-01-18,0.5
aws-lambda-001,2025-01-19,1.0
aws-lambda-001,2025-01-20,1.0
aws-lambda-001,2025-01-22,2.0
azure-functions-001,2024-10-29,0.5
azure-functions-001,2024-11-10,1.0
azure-functions-001,2024-11-11,1.0
azure-functions-001,2024-11-13,3.0
azure-functions-001,2024-11-18,2.0
azure-functions-001,2024-11-19,1.0
azure-functions-001,2024-11-21,1.0
azure-functions-001,2024-11-22,3.0
azure-functions-001,2024-11-23,0.5
azure-functions-001,2024-11-29,0.5
azure-functions-001,2024-12-01,2.0
azure-functions-001,2024-12-13,3.0
azure-functions-001,2024-12-17,2.0
azure-functions-001,2024-12-18,3.0
azure-functions-001,2024-12-20,3.0
azure-functions-001,2024-12-23,2.0
azure-functions-001,2024-12-28,2.0
azure-functions-001,2025-01-14,2.0
azure-functions-001,2025-01-16,2.0
azure-functions-001,2025-01-17,0.5
azure-functions-001,2025-01-20,2.0
azure-functions-001,2025-01-21,0.5
azure-functions-001,2025-01-23,3.0
azure-iot-001,2024-10-29,3.0
azure-iot-001,2024-11-01,3.0
azure-iot-001,2024-11-03,2.0
azure-iot-001,2024-11-07,2.0
azure-iot-001,2024-11-08,1.0
azure-iot-001,2024-11-10,1.0
azure-iot-001,2024-11-12,0.5
azure-iot-001,2024-11-13,0.5
azure-iot-001,2024-11-24,2.0
azure-iot-001,2024-11-27,1.0
azure-iot-001,2024-11-30,3.0
azure-iot-001,2024-12-10,2.0
azure-iot-001,2024-12-16,1.0
azure-iot-001,2024-12-23,1.0
azure-iot-001,2024-12-25,2.0
azure-iot-001,2024-12-27,0.5
azure-iot-001,2024-12-28,1.0
azure-iot-001,2024-12-30,1.0
azure-iot-001,2025-01-11,1.0
azure-iot-001,2025-01-14,1.0
azure-iot-001,2025-01-19,1.0
bigeye-001,2024-11-10,1.0
bigeye-001,2024-11-30,2.0
bigeye-001,2024-12-11,2.0
bigeye-001,2024-12-24,1.0
bigeye-001,2024-12-28,2.0
bigeye-001,2024-12-31,1.0
bigeye-001,2025-01-21,3.0
bigquery-001,2024-10-28,2.0
bigquery-001,2024-10-30,1.0
bigquery-001,2024-11-01,1.0
bigquery-001,2024-11-09,1.0
bigquery-001,2024-11-13,2.0
bigquery-001,2024-11-16,3.0
bigquery-001,2024-11-19,3.0
bigquery-001,2024-11-24,2.0
bigquery-001,2024-11-26,1.0
bigquery-001,2024-11-28,3.0
bigquery-001,2024-12-05,0.5
bigquery-001,2024-12-13,1.0
bigquery-001,2024-12-18,1.0
bigquery-001,2024-12-21,2.0
bigquery-001,2024-12-26,3.0
bigquery-001,2025-01-01,1.0
bigquery-001,2025-01-07,1.0
bigquery-001,2025-01-08,1.0
bigquery-001,2025-01-13,1.0
bigquery-001,2025-01-17,1.0
bigquery-001,2025-01-20,0.5
bigquery-001,2025-01-21,1.0
bitbucket-001,2024-11-04,3.0
bitbucket-001,2024-11-05,3.0
bitbucket-001,2024-11-13,0.5
bitbucket-001,2024-11-15,2.0
bitbucket-001,2024-11-21,1.0
bitbucket-001,2024-11-27,3.0
bitbucket-001,2024-11-29,1.0
bitbucket-001,2024-12-13,3.0
bitbucket-001,2024-12-16,2.0
bitbucket-001,2024-12-19,2.0
bitbucket-001,2024-12-23,3.0
bitbucket-001,2025-01-02,3.0
bitbucket-001,2025-01-14,1.0
bitbucket-001,2025-01-15,2.0
bitbucket-001,2025-01-16,2.0
bitbucket-001,2025-01-17,1.0
bitbucket-001,2025-01-20,2.0
bitbucket-001,2025-01-22,3.0
bitbucket-001,2025-01-23,3.0
c-001,2024-11-29,3.0
c-001,2024-12-11,3.0
c-001,2024-12-15,2.0
c-001,2024-12-21,3.0
c-001,2025-01-11,1.0
c-001,2025-01-16,1.0
c-sharp-001,2024-10-26,1.0
c-sharp-001,2024-10-31,2.0
c-sharp-001,2024-11-05,3.0
c-sharp-001,2024-11-08,3.0
c-sharp-001,2024-11-10,2.0
c-sharp-001,2024-11-14,3.0
c-sharp-001,2024-11-20,1.0
c-sharp-001,2024-11-21,1.0
c-sharp-001,2024-11-24,1.0
c-sharp-001,2024-11-25,3.0
c-sharp-001,2024-11-26,2.0
c-sharp-001,2024-11-28,3.0
c-sharp-001,2024-12-05,1.0
c-sharp-001,2024-12-10,3.0
c-sharp-001,2024-12-12,3.0
c-sharp-001,2024-12-26,1.0
c-sharp-001,2024-12-28,1.0
c-sharp-001,2025-01-03,3.0
c-sharp-001,2025-01-09,2.0
c-sharp-001,2025-01-13,3.0
c-sharp-001,2025-01-22,2.0
c-sharp-001,2025-01-23,1.0
cadence-001,2024-11-04,1.0
cadence-001,2024-11-22,1.0
cadence-001,2024-12-12,1.0
cadence-001,2024-12-16,1.0
cadence-001,2024-12-22,1.0
cadence-001,2025-01-01,1.0
cadence-001,2025-01-20,1.0
cassandra-001,2024-11-06,2.0
cassandra-001,2024-11-11,3.0
cassandra-001,2024-11-14,1.0
cassandra-001,2024-11-16,1.0
cassandra-001,2024-12-03,2.0
cassandra-001,2024-12-29,1.0
cassandra-001,2025-01-02,1.0
cassandra-001,2025-01-08,2.0
cassandra-001,2025-01-09,3.0
cassandra-001,2025-01-12,2.0
cassandra-001,2025-01-14,1.0
cassandra-001,2025-01-16,3.0
chef-001,2024-11-01,0.5
chef-001,2024-11-04,1.0
chef-001,2024-11-09,1.0
chef-001,2024-11-25,1.0
chef-001,2024-12-02,2.0
chef-001,2024-12-14,0.5
chef-001,2024-12-15,1.0
chef-001,2024-12-28,2.0
chef-001,2025-01-10,1.0
chef-001,2025-01-15,1.0
chef-001,2025-01-16,2.0
circleci-001,2024-10-29,2.0
circleci-001,2024-11-07,1.0
circleci-001,2024-11-08,2.0
circleci-001,2024-11-10,2.0
circleci-001,2024-11-12,2.0
circleci-001,2024-11-17,3.0
circleci-001,2024-11-26,2.0
circleci-001,2024-12-16,3.0
circleci-001,2024-12-22,2.0
circleci-001,2024-12-24,2.0
circleci-001,2025-01-04,1.0
circleci-001,2025-01-05,0.5
clojure-001,2024-11-21,1.0
clojure-001,2024-12-13,1.0
clojure-001,2025-01-17,1.0
clojure-001,2025-01-22,2.0
codeium-001,2024-11-01,2.0
codeium-001,2024-11-12,2.0
codeium-001,2024-11-21,2.0
codeium-001,2024-11-26,1.0
codeium-001,2024-11-29,2.0
codeium-001,2025-01-16,0.5
colab-001,2024-10-26,1.0
colab-001,2024-10-27,3.0
colab-001,2024-10-30,2.0
colab-001,2024-11-10,1.0
colab-001,2024-11-15,3.0
colab-001,2024-11-17,3.0
colab-001,2024-11-18,3.0
colab-001,2024-12-03,3.0
colab-001,2024-12-08,3.0
colab-001,2024-12-09,1.0
colab-001,2024-12-22,0.5
colab-001,2024-12-26,1.0
colab-001,2025-01-03,2.0
colab-001,2025-01-06,3.0
colab-001,2025-01-10,2.0
colab-001,2025-01-11,3.0
colab-001,2025-01-12,1.0
colab-001,2025-01-14,1.0
colab-001,2025-01-15,3.0
colab-001,2025-01-18,3.0
collibra-001,2024-10-27,2.0
collibra-001,2024-10-29,3.0
collibra-001,2024-11-07,1.0
collibra-001,2024-11-08,2.0
collibra-001,2024-11-19,3.0
collibra-001,2024-11-24,0.5
collibra-001,2024-12-07,1.0
collibra-001,2024-12-08,3.0
collibra-001,2024-12-14,2.0
collibra-001,2024-12-16,3.0
collibra-001,2024-12-17,1.0
collibra-001,2024-12-19,3.0
collibra-001,2024-12-23,3.0
collibra-001,2024-12-24,1.0
collibra-001,2024-12-31,3.0
collibra-001,2025-01-09,1.0
collibra-001,2025-01-10,3.0
collibra-001,2025-01-13,3.0
collibra-001,2025-01-17,1.0
collibra-001,2025-01-18,2.0
collibra-001,2025-01-20,2.0
consul-001,2024-11-07,0.5
consul-001,2024-11-21,3.0
consul-001,2024-12-04,3.0
consul-001,2024-12-08,1.0
consul-001,2024-12-09,0.5
consul-001,2024-12-21,2.0
consul-001,2024-12-23,3.0
consul-001,2024-12-25,3.0
consul-001,2024-12-26,2.0
consul-001,2024-12-31,1.0
copilot-x-001,2024-11-08,3.0
copilot-x-001,2024-11-13,2.0
copilot-x-001,2024-11-14,3.0
copilot-x-001,2024-11-21,2.0
copilot-x-001,2024-11-23,2.0
copilot-x-001,2024-11-24,2.0
copilot-x-001,2024-11-27,0.5
copilot-x-001,2024-11-29,3.0
copilot-x-001,2024-12-06,0.5
copilot-x-001,2024-12-12,1.0
copilot-x-001,2024-12-13,0.5
copilot-x-001,2024-12-15,2.0
copilot-x-001,2024-12-20,1.0
copilot-x-001,2024-12-21,3.0
copilot-x-001,2024-12-22,0.5
copilot-x-001,2024-12-26,2.0
copilot-x-001,2025-01-04,3.0
copilot-x-001,2025-01-08,3.0
copilot-x-001,2025-01-11,2.0
copilot-x-001,2025-01-14,3.0
copilot-x-001,2025-01-15,3.0
copilot-x-001,2025-01-17,3.0
copilot-x-001,2025-01-18,2.0
copilot-x-001,2025-01-22,2.0
corba-001,2024-11-03,2.0
corba-001,2024-11-19,2.0
corba-001,2024-12-02,1.0
corba-001,2024-12-12,2.0
corba-001,2024-12-22,1.0
corba-001,2025-01-02,0.5
corba-001,2025-01-13,1.0
corba-001,2025-01-20,2.0
corba-001,2025-01-22,0.5
cpp-001,2024-10-28,2.0
cpp-001,2024-11-07,2.0
cpp-001,2024-11-27,1.0
cpp-001,2024-11-28,1.0
cpp-001,2024-12-07,1.0
cpp-001,2024-12-09,0.5
cpp-001,2024-12-11,2.0
cpp-001,2024-12-22,1.0
cpp-001,2025-01-05,1.0
cursor-001,2024-11-14,1.0
cursor-001,2024-11-17,2.0
cursor-001,2024-11-18,1.0
cursor-001,2024-12-07,1.0
cursor-001,2024-12-19,2.0
cursor-001,2025-01-01,2.0
cursor-001,2025-01-10,1.0
cursor-001,2025-01-20,1.0
dagster-001,2024-10-31,1.0
dagster-001,2024-11-13,3.0
dagster-001,2024-11-16,1.0
dagster-001,2024-11-26,2.0
dagster-001,2024-12-12,1.0
dagster-001,2024-12-19,3.0
dagster-001,2024-12-22,1.0
dagster-001,2025-01-02,0.5
dagster-001,2025-01-03,3.0
dagster-001,2025-01-05,1.0
dask-001,2024-10-27,0.5
dask-001,2024-10-31,1.0
dask-001,2024-11-22,1.0
dask-001,2024-12-01,1.0
dask-001,2024-12-23,0.5
dask-001,2025-01-09,1.0
databricks-001,2024-10-27,3.0
databricks-001,2024-10-31,1.0
databricks-001,2024-11-01,1.0
databricks-001,2024-11-07,2.0
databricks-001,2024-11-08,1.0
databricks-001,2024-11-11,1.0
databricks-001,2024-11-17,0.5
databricks-001,2024-11-18,3.0
databricks-001,2024-11-19,2.0
databricks-001,2024-11-24,3.0
databricks-001,2024-11-30,3.0
databricks-001,2024-12-01,0.5
databricks-001,2024-12-02,1.0
databricks-001,2024-12-03,2.0
databricks-001,2024-12-08,2.0
databricks-001,2024-12-11,2.0
databricks-001,2024-12-21,1.0
databricks-001,2024-12-25,0.5
databricks-001,2024-12-26,3.0
databricks-001,2024-12-27,1.0
databricks-001,2024-12-31,2.0
databricks-001,2025-01-02,3.0
databricks-001,2025-01-04,1.0
databricks-001,2025-01-10,3.0
databricks-001,2025-01-12,2.0
databricks-001,2025-01-14,2.0
databricks-001,2025-01-19,1.0
databricks-001,2025-01-22,3.0
databricks-notebooks-001,2024-10-27,1.0
databricks-notebooks-001,2024-10-29,1.0
databricks-notebooks-001,2024-11-04,3.0
databricks-notebooks-001,2024-11-09,3.0
databricks-notebooks-001,2024-11-10,1.0
databricks-notebooks-001,2024-11-13,1.0
databricks-notebooks-001,2024-11-18,1.0
databricks-notebooks-001,2024-11-22,3.0
databricks-notebooks-001,2024-11-26,1.0
databricks-notebooks-001,2024-12-05,0.5
databricks-notebooks-001,2024-12-06,1.0
databricks-notebooks-001,2024-12-07,3.0
databricks-notebooks-001,2024-12-10,3.0
databricks-notebooks-001,2024-12-12,0.5
databricks-notebooks-001,2024-12-15,1.0
databricks-notebooks-001,2024-12-19,1.0
databricks-notebooks-001,2024-12-24,1.0
databricks-notebooks-001,2025-01-06,0.5
databricks-notebooks-001,2025-01-18,1.0
databricks-notebooks-001,2025-01-22,0.5
datadog-001,2024-10-31,1.0
datadog-001,2024-11-06,0.5
datadog-001,2024-11-09,1.0
datadog-001,2024-11-18,0.5
datadog-001,2024-11-28,1.0
datadog-001,2024-12-04,2.0
datadog-001,2024-12-12,2.0
datadog-001,2024-12-13,2.0
datadog-001,2024-12-14,1.0
datadog-001,2024-12-15,1.0
datadog-001,2024-12-22,3.0
datadog-001,2024-12-25,3.0
datadog-001,2024-12-27,1.0
datadog-001,2025-01-03,2.0
datadog-001,2025-01-16,1.0
datadog-001,2025-01-18,1.0
dbt-001,2024-11-02,2.0
dbt-001,2024-11-10,2.0
dbt-001,2024-11-15,3.0
dbt-001,2024-12-04,2.0
dbt-001,2024-12-16,1.0
dbt-001,2024-12-24,1.0
dbt-001,2024-12-29,2.0
dbt-001,2025-01-15,0.5
dbt-001,2025-01-19,1.0
dbt-001,2025-01-21,1.0
dbt-001,2025-01-22,1.0
dbt-cloud-001,2024-10-28,1.0
dbt-cloud-001,2024-11-21,2.0
dbt-cloud-001,2024-11-26,1.0
dbt-cloud-001,2024-11-29,3.0
dbt-cloud-001,2024-12-06,2.0
dbt-cloud-001,2024-12-07,2.0
dbt-cloud-001,2024-12-08,1.0
dbt-cloud-001,2024-12-22,3.0
dbt-cloud-001,2024-12-23,3.0
dbt-cloud-001,2025-01-10,3.0
dbt-cloud-001,2025-01-18,1.0
dbt-cloud-001,2025-01-22,1.0
dcom-001,2024-12-21,1.0
dcom-001,2024-12-23,2.0
dcom-001,2025-01-01,1.0
dcom-001,2025-01-04,2.0
dcom-001,2025-01-09,2.0
dcom-001,2025-01-19,1.0
dcom-001,2025-01-23,2.0
denodo-001,2024-10-30,3.0
denodo-001,2024-11-03,2.0
denodo-001,2024-11-12,2.0
denodo-001,2024-11-14,0.5
denodo-001,2024-11-19,3.0
denodo-001,2024-11-21,1.0
denodo-001,2024-12-07,2.0
denodo-001,2024-12-13,2.0
denodo-001,2024-12-14,1.0
denodo-001,2024-12-15,1.0
denodo-001,2025-01-02,2.0
denodo-001,2025-01-06,2.0
denodo-001,2025-01-07,2.0
denodo-001,2025-01-11,3.0
denodo-001,2025-01-14,1.0
django-001,2024-10-26,1.0
django-001,2024-10-29,1.0
django-001,2024-11-01,3.0
django-001,2024-11-09,1.0
django-001,2024-11-25,1.0
django-001,2024-12-01,3.0
django-001,2024-12-10,3.0
django-001,2024-12-12,3.0
django-001,2024-12-15,0.5
django-001,2024-12-20,2.0
django-001,2025-01-04,2.0
django-001,2025-01-05,0.5
django-001,2025-01-09,3.0
django-001,2025-01-14,3.0
django-001,2025-01-23,1.0
docker-001,2024-10-26,0.5
docker-001,2024-10-27,3.0
docker-001,2024-10-30,0.5
docker-001,2024-11-01,0.5
docker-001,2024-11-02,3.0
docker-001,2024-11-03,2.0
docker-001,2024-11-04,1.0
docker-001,2024-11-12,1.0
docker-001,2024-11-14,2.0
docker-001,2024-11-16,2.0
docker-001,2024-11-18,2.0
docker-001,2024-11-22,0.5
docker-001,2024-11-24,1.0
docker-001,2024-12-17,0.5
docker-001,2024-12-27,3.0
docker-001,2025-01-01,3.0
docker-001,2025-01-03,3.0
docker-001,2025-01-14,1.0
docker-001,2025-01-16,1.0
docker-001,2025-01-19,2.0
dynatrace-001,2024-10-27,1.0
dynatrace-001,2024-10-29,3.0
dynatrace-001,2024-10-31,2.0
dynatrace-001,2024-11-03,3.0
dynatrace-001,2024-11-07,3.0
dynatrace-001,2024-11-09,3.0
dynatrace-001,2024-11-11,2.0
dynatrace-001,2024-11-23,2.0
dynatrace-001,2024-11-26,3.0
dynatrace-001,2024-11-28,2.0
dynatrace-001,2024-12-05,1.0
dynatrace-001,2024-12-08,1.0
dynatrace-001,2024-12-17,0.5
dynatrace-001,2024-12-20,2.0
dynatrace-001,2024-12-21,0.5
dynatrace-001,2024-12-26,1.0
dynatrace-001,2024-12-27,2.0
dynatrace-001,2024-12-31,2.0
dynatrace-001,2025-01-01,3.0
dynatrace-001,2025-01-05,1.0
dynatrace-001,2025-01-06,2.0
dynatrace-001,2025-01-07,2.0
dynatrace-001,2025-01-20,1.0
dynatrace-001,2025-01-21,3.0
elastic-001,2024-10-28,2.0
elastic-001,2024-11-05,1.0
elastic-001,2024-11-06,1.0
elastic-001,2024-11-11,3.0
elastic-001,2024-11-18,3.0
elastic-001,2024-11-22,1.0
elastic-001,2024-12-04,1.0
elastic-001,2024-12-07,3.0
elastic-001,2024-12-08,2.0
elastic-001,2024-12-11,1.0
elastic-001,2024-12-13,1.0
elastic-001,2024-12-19,1.0
elastic-001,2024-12-27,2.0
elastic-001,2024-12-30,3.0
elastic-001,2025-01-01,1.0
elastic-001,2025-01-05,2.0
elastic-001,2025-01-10,3.0
elastic-001,2025-01-16,1.0
elastic-001,2025-01-19,1.0
elastic-001,2025-01-21,3.0
elastic-001,2025-01-23,3.0
elastic-stack-001,2024-10-29,2.0
elastic-stack-001,2024-10-30,1.0
elastic-stack-001,2024-11-02,3.0
elastic-stack-001,2024-11-12,2.0
elastic-stack-001,2024-11-14,1.0
elastic-stack-001,2024-11-19,2.0
elastic-stack-001,2024-11-23,2.0
elastic-stack-001,2024-11-25,2.0
elastic-stack-001,2024-11-28,3.0
elastic-stack-001,2024-12-02,3.0
elastic-stack-001,2024-12-03,3.0
elastic-stack-001,2024-12-05,2.0
elastic-stack-001,2024-12-08,2.0
elastic-stack-001,2024-12-10,2.0
elastic-stack-001,2024-12-14,3.0
elastic-stack-001,2024-12-16,3.0
elastic-stack-001,2024-12-18,0.5
elastic-stack-001,2024-12-25,3.0
elastic-stack-001,2024-12-28,1.0
elastic-stack-001,2024-12-29,3.0
elastic-stack-001,2024-12-31,1.0
elastic-stack-001,2025-01-02,3.0
elastic-stack-001,2025-01-10,1.0
elastic-stack-001,2025-01-16,2.0
elastic-stack-001,2025-01-22,2.0
elixir-001,2024-11-12,0.5
elixir-001,2024-11-17,1.0
elixir-001,2024-11-27,0.5
elixir-001,2024-12-04,3.0
elixir-001,2024-12-09,3.0
elixir-001,2024-12-12,1.0
elixir-001,2024-12-15,1.0
elixir-001,2024-12-26,1.0
elixir-001,2025-01-05,1.0
elixir-001,2025-01-07,2.0
emacs-001,2024-11-01,1.0
emacs-001,2024-11-06,1.0
emacs-001,2024-11-16,1.0
emacs-001,2024-11-18,2.0
emacs-001,2024-11-20,1.0
emacs-001,2024-11-28,1.0
emacs-001,2024-12-03,0.5
emacs-001,2024-12-08,1.0
emacs-001,2024-12-19,1.0
express-001,2024-11-15,2.0
express-001,2024-11-25,2.0
express-001,2024-11-26,1.0
express-001,2024-12-17,1.0
express-001,2025-01-04,1.0
express-001,2025-01-09,2.0
express-001,2025-01-13,2.0
fastapi-001,2024-11-02,1.0
fastapi-001,2024-11-06,2.0
fastapi-001,2024-11-22,1.0
fastapi-001,2024-12-06,2.0
fastapi-001,2024-12-13,1.0
fastapi-001,2024-12-28,2.0
fastapi-001,2025-01-16,1.0
fastapi-001,2025-01-18,1.0
fastify-001,2024-10-26,1.0
fastify-001,2024-10-30,3.0
fastify-001,2024-11-14,1.0
fastify-001,2024-12-14,1.0
fastify-001,2025-01-15,1.0
fastify-001,2025-01-17,1.0
fastify-001,2025-01-19,1.0
figma-001,2024-10-27,2.0
figma-001,2024-10-28,3.0
figma-001,2024-11-01,3.0
figma-001,2024-11-30,1.0
figma-001,2024-12-02,1.0
figma-001,2024-12-15,1.0
figma-001,2024-12-28,2.0
figma-001,2025-01-06,2.0
figma-001,2025-01-11,1.0
figma-001,2025-01-18,1.0
figma-001,2025-01-21,1.0
figma-001,2025-01-23,1.0
fission-001,2024-10-31,1.0
fission-001,2024-11-08,1.0
fission-001,2024-11-10,1.0
fission-001,2024-11-16,2.0
fission-001,2024-11-21,1.0
fission-001,2024-12-11,1.0
fission-001,2024-12-29,3.0
fission-001,2025-01-05,1.0
fission-001,2025-01-12,2.0
fission-001,2025-01-14,1.0
flask-001,2024-11-05,1.0
flask-001,2024-12-26,1.0
flask-001,2025-01-08,1.0
flask-001,2025-01-22,0.5
flutter-001,2024-10-27,3.0
flutter-001,2024-10-31,1.0
flutter-001,2024-11-06,3.0
flutter-001,2024-11-09,3.0
flutter-001,2024-11-10,2.0
flutter-001,2024-11-14,1.0
flutter-001,2024-11-15,3.0
flutter-001,2024-11-16,3.0
flutter-001,2024-11-22,1.0
flutter-001,2024-11-25,2.0
flutter-001,2024-11-26,1.0
flutter-001,2024-11-30,1.0
flutter-001,2024-12-06,2.0
flutter-001,2024-12-08,3.0
flutter-001,2024-12-12,2.0
flutter-001,2024-12-15,3.0
flutter-001,2024-12-20,1.0
flutter-001,2024-12-25,3.0
flutter-001,2024-12-28,1.0
flutter-001,2025-01-04,2.0
flutter-001,2025-01-08,1.0
flutter-001,2025-01-11,3.0
flutter-001,2025-01-14,3.0
flutter-001,2025-01-15,1.0
flutter-001,2025-01-17,1.0
flux-001,2024-10-28,1.0
flux-001,2024-11-09,1.0
flux-001,2024-11-13,1.0
flux-001,2025-01-09,2.0
gatsby-001,2024-10-26,1.0
gatsby-001,2024-10-31,1.0
gatsby-001,2024-11-09,2.0
gatsby-001,2024-12-04,3.0
gatsby-001,2024-12-14,2.0
gatsby-001,2024-12-23,1.0
gatsby-001,2024-12-31,3.0
gatsby-001,2025-01-21,1.0
gcp-functions-001,2024-10-26,1.0
gcp-functions-001,2024-11-06,2.0
gcp-functions-001,2024-11-09,1.0
gcp-functions-001,2024-11-10,1.0
gcp-functions-001,2024-11-13,3.0
gcp-functions-001,2024-11-16,2.0
gcp-functions-001,2024-11-18,1.0
gcp-functions-001,2024-11-21,1.0
gcp-functions-001,2024-11-22,2.0
gcp-functions-001,2024-11-29,2.0
gcp-functions-001,2024-12-01,1.0
gcp-functions-001,2024-12-09,3.0
gcp-functions-001,2024-12-23,2.0
gcp-functions-001,2024-12-27,3.0
gcp-functions-001,2024-12-28,3.0
gcp-functions-001,2024-12-30,0.5
gcp-functions-001,2025-01-05,1.0
gcp-functions-001,2025-01-06,1.0
gcp-functions-001,2025-01-08,3.0
gcp-functions-001,2025-01-18,1.0
gcp-iot-001,2024-10-28,2.0
gcp-iot-001,2024-10-30,2.0
gcp-iot-001,2024-11-03,1.0
gcp-iot-001,2024-11-05,2.0
gcp-iot-001,2024-11-09,3.0
gcp-iot-001,2024-11-16,1.0
gcp-iot-001,2024-11-29,1.0
gcp-iot-001,2024-12-04,1.0
gcp-iot-001,2024-12-05,1.0
gcp-iot-001,2024-12-06,3.0
gcp-iot-001,2024-12-08,1.0
gcp-iot-001,2024-12-13,2.0
gcp-iot-001,2024-12-14,3.0
gcp-iot-001,2024-12-18,1.0
gcp-iot-001,2024-12-19,1.0
gcp-iot-001,2024-12-23,1.0
gcp-iot-001,2024-12-25,3.0
gcp-iot-001,2024-12-30,1.0
gcp-iot-001,2025-01-02,2.0
gcp-iot-001,2025-01-05,1.0
gcp-iot-001,2025-01-06,3.0
gcp-iot-001,2025-01-09,2.0
gcp-iot-001,2025-01-13,3.0
gcp-iot-001,2025-01-15,1.0
gcp-iot-001,2025-01-23,1.0
gitea-001,2024-10-31,2.0
gitea-001,2024-11-04,3.0
gitea-001,2024-11-16,1.0
gitea-001,2024-11-17,1.0
gitea-001,2024-11-23,1.0
gitea-001,2024-12-22,1.0
gitea-001,2025-01-01,2.0
gitea-001,2025-01-11,2.0
gitea-001,2025-01-20,2.0
github-001,2024-11-04,1.0
github-001,2024-11-05,2.0
github-001,2024-11-12,1.0
github-001,2024-11-14,1.0
github-001,2024-11-15,2.0
github-001,2024-11-25,1.0
github-001,2024-11-26,2.0
github-001,2024-11-28,1.0
github-001,2024-11-29,1.0
github-001,2024-11-30,2.0
github-001,2024-12-01,0.5
github-001,2024-12-05,3.0
github-001,2024-12-07,3.0
github-001,2024-12-19,1.0
github-001,2024-12-21,3.0
github-001,2024-12-22,1.0
github-001,2024-12-25,1.0
github-001,2024-12-27,0.5
github-001,2024-12-29,3.0
github-001,2024-12-31,1.0
github-001,2025-01-04,1.0
github-001,2025-01-10,2.0
github-001,2025-01-12,3.0
github-001,2025-01-13,3.0
github-001,2025-01-19,1.0
github-actions-001,2024-10-26,1.0
github-actions-001,2024-10-27,1.0
github-actions-001,2024-10-31,0.5
github-actions-001,2024-11-08,3.0
github-actions-001,2024-11-09,3.0
github-actions-001,2024-11-15,3.0
github-actions-001,2024-11-16,1.0
github-actions-001,2024-11-24,1.0
github-actions-001,2024-11-27,3.0
github-actions-001,2024-12-12,3.0
github-actions-001,2024-12-28,3.0
github-actions-001,2024-12-30,1.0
github-actions-001,2025-01-06,2.0
github-actions-001,2025-01-07,2.0
github-actions-001,2025-01-20,2.0
github-copilot-001,2024-10-28,3.0
github-copilot-001,2024-10-30,1.0
github-copilot-001,2024-11-08,3.0
github-copilot-001,2024-11-10,1.0
github-copilot-001,2024-11-11,1.0
github-copilot-001,2024-11-13,3.0
github-copilot-001,2024-11-14,3.0
github-copilot-001,2024-11-18,3.0
github-copilot-001,2024-11-19,3.0
github-copilot-001,2024-11-20,2.0
github-copilot-001,2024-11-24,1.0
github-copilot-001,2024-11-30,2.0
github-copilot-001,2024-12-16,2.0
github-copilot-001,2024-12-19,3.0
github-copilot-001,2024-12-25,1.0
github-copilot-001,2024-12-29,3.0
github-copilot-001,2025-01-09,1.0
github-copilot-001,2025-01-12,2.0
github-copilot-001,2025-01-14,0.5
github-copilot-001,2025-01-15,3.0
github-copilot-001,2025-01-23,1.0
gitlab-001,2024-10-26,1.0
gitlab-001,2024-11-02,2.0
gitlab-001,2024-11-06,1.0
gitlab-001,2024-11-08,3.0
gitlab-001,2024-11-13,1.0
gitlab-001,2024-11-21,1.0
gitlab-001,2024-11-25,2.0
gitlab-001,2024-11-30,2.0
gitlab-001,2024-12-04,1.0
gitlab-001,2024-12-07,3.0
gitlab-001,2024-12-13,2.0
gitlab-001,2024-12-18,1.0
gitlab-001,2024-12-27,2.0
gitlab-001,2025-01-01,2.0
gitlab-001,2025-01-18,2.0
gitlab-runner-001,2024-10-26,2.0
gitlab-runner-001,2024-10-27,3.0
gitlab-runner-001,2024-11-05,3.0
gitlab-runner-001,2024-11-07,2.0
gitlab-runner-001,2024-11-08,3.0
gitlab-runner-001,2024-11-10,3.0
gitlab-runner-001,2024-11-14,0.5
gitlab-runner-001,2024-11-18,3.0
gitlab-runner-001,2024-11-20,1.0
gitlab-runner-001,2024-11-27,1.0
gitlab-runner-001,2024-12-03,3.0
gitlab-runner-001,2024-12-09,1.0
gitlab-runner-001,2024-12-10,1.0
gitlab-runner-001,2024-12-16,2.0
gitlab-runner-001,2024-12-17,2.0
gitlab-runner-001,2024-12-20,1.0
gitlab-runner-001,2024-12-27,1.0
gitlab-runner-001,2024-12-30,2.0
gitlab-runner-001,2025-01-01,3.0
gitlab-runner-001,2025-01-18,3.0
golang-001,2024-10-27,2.0
golang-001,2024-11-06,1.0
golang-001,2024-11-25,2.0
golang-001,2024-12-11,1.0
golang-001,2024-12-15,1.0
golang-001,2024-12-29,2.0
golang-001,2024-12-30,1.0
golang-001,2025-01-18,2.0
google-cloud-002,2024-10-26,1.0
google-cloud-002,2024-10-28,2.0
google-cloud-002,2024-11-02,2.0
google-cloud-002,2024-11-03,0.5
google-cloud-002,2024-11-05,2.0
google-cloud-002,2024-11-09,2.0
google-cloud-002,2024-11-11,1.0
google-cloud-002,2024-11-25,0.5
google-cloud-002,2024-12-04,1.0
google-cloud-002,2024-12-06,3.0
google-cloud-002,2024-12-11,1.0
google-cloud-002,2024-12-25,3.0
google-cloud-002,2024-12-27,0.5
google-cloud-002,2025-01-01,2.0
google-cloud-002,2025-01-02,1.0
google-cloud-002,2025-01-03,2.0
google-cloud-002,2025-01-04,2.0
google-cloud-002,2025-01-06,3.0
google-cloud-002,2025-01-09,1.0
google-cloud-002,2025-01-10,2.0
google-cloud-002,2025-01-13,1.0
google-cloud-002,2025-01-18,3.0
grafana-001,2024-11-01,0.5
grafana-001,2024-11-07,0.5
grafana-001,2024-11-16,2.0
grafana-001,2024-12-09,3.0
grafana-001,2024-12-13,3.0
grafana-001,2024-12-14,2.0
grafana-001,2024-12-17,1.0
grafana-001,2024-12-18,1.0
grafana-001,2024-12-21,3.0
grafana-001,2024-12-26,1.0
grafana-001,2024-12-28,1.0
grafana-001,2025-01-03,1.0
grafana-001,2025-01-07,1.0
grafana-001,2025-01-17,1.0
grafana-001,2025-01-21,3.0
graphql-001,2024-10-27,1.0
graphql-001,2024-11-26,3.0
graphql-001,2024-12-06,1.0
graphql-001,2024-12-19,1.0
graphql-001,2024-12-20,0.5
graphql-001,2025-01-08,2.0
great-expectations-001,2024-10-30,1.0
great-expectations-001,2024-11-24,1.0
great-expectations-001,2024-11-30,0.5
great-expectations-001,2024-12-11,1.0
great-expectations-001,2024-12-28,3.0
grpc-001,2024-10-30,1.0
grpc-001,2024-11-11,1.0
grpc-001,2024-11-20,2.0
grpc-001,2024-11-29,2.0
grpc-001,2024-12-07,2.0
grpc-001,2025-01-22,2.0
helidon-001,2024-10-31,2.0
helidon-001,2024-11-21,1.0
helidon-001,2024-11-27,0.5
helidon-001,2024-12-01,1.0
helidon-001,2024-12-07,1.0
helidon-001,2024-12-11,2.0
helidon-001,2024-12-20,2.0
helidon-001,2024-12-23,2.0
helidon-001,2025-01-12,1.0
helm-001,2024-11-17,1.0
helm-001,2024-12-05,1.0
helm-001,2024-12-10,1.0
helm-001,2025-01-05,1.0
helm-001,2025-01-12,1.0
helm-001,2025-01-17,1.0
helm-001,2025-01-22,3.0
honeycomb-001,2024-10-26,2.0
honeycomb-001,2024-11-12,1.0
honeycomb-001,2024-12-22,1.0
honeycomb-001,2024-12-23,1.0
honeycomb-001,2024-12-28,1.0
honeycomb-001,2024-12-29,1.0
honeycomb-001,2025-01-01,1.0
honeycomb-001,2025-01-09,2.0
honeycomb-001,2025-01-18,1.0
hugging-face-001,2024-11-01,1.0
hugging-face-001,2024-11-05,1.0
hugging-face-001,2024-11-14,2.0
hugging-face-001,2024-11-15,2.0
hugging-face-001,2024-11-29,1.0
hugging-face-001,2024-12-21,1.0
hugging-face-001,2025-01-10,1.0
hugging-face-001,2025-01-13,1.0
hugging-face-001,2025-01-18,1.0
hugging-face-001,2025-01-20,1.0
huggingface-spaces-001,2024-11-17,1.0
huggingface-spaces-001,2024-11-19,1.0
huggingface-spaces-001,2024-11-30,2.0
huggingface-spaces-001,2024-12-02,3.0
huggingface-spaces-001,2024-12-16,2.0
huggingface-spaces-001,2025-01-01,1.0
huggingface-spaces-001,2025-01-10,1.0
hugo-001,2024-11-04,2.0
hugo-001,2024-11-16,1.0
hugo-001,2024-11-26,2.0
hugo-001,2024-12-01,2.0
hugo-001,2024-12-04,1.0
hugo-001,2024-12-08,1.0
hugo-001,2025-01-03,1.0
hugo-001,2025-01-07,0.5
hugo-001,2025-01-12,1.0
ibm-functions-001,2024-10-31,0.5
ibm-functions-001,2024-11-06,2.0
ibm-functions-001,2024-11-18,2.0
ibm-functions-001,2024-11-23,2.0
ibm-functions-001,2024-12-08,0.5
ibm-functions-001,2024-12-12,1.0
ibm-functions-001,2024-12-19,2.0
ibm-functions-001,2024-12-20,1.0
ibm-functions-001,2024-12-24,1.0
ibm-functions-001,2024-12-30,2.0
ibm-functions-001,2025-01-12,3.0
ibm-functions-001,2025-01-14,1.0
ibm-functions-001,2025-01-16,3.0
ibm-functions-001,2025-01-20,1.0
ibm-iot-001,2024-10-29,1.0
ibm-iot-001,2024-10-30,1.0
ibm-iot-001,2024-11-12,3.0
ibm-iot-001,2024-11-15,3.0
ibm-iot-001,2024-11-17,3.0
ibm-iot-001,2024-11-20,2.0
ibm-iot-001,2024-11-28,1.0
ibm-iot-001,2024-11-29,1.0
ibm-iot-001,2024-11-30,2.0
ibm-iot-001,2024-12-04,2.0
ibm-iot-001,2024-12-19,3.0
ibm-iot-001,2024-12-20,1.0
ibm-iot-001,2024-12-24,3.0
ibm-iot-001,2024-12-27,3.0
ibm-iot-001,2025-01-04,2.0
ibm-iot-001,2025-01-05,2.0
ibm-iot-001,2025-01-16,1.0
ibm-iot-001,2025-01-18,3.0
informatica-001,2024-10-26,3.0
informatica-001,2024-10-27,1.0
informatica-001,2024-10-29,1.0
informatica-001,2024-10-31,3.0
informatica-001,2024-11-04,3.0
informatica-001,2024-11-09,3.0
informatica-001,2024-11-13,2.0
informatica-001,2024-11-17,2.0
informatica-001,2024-11-18,2.0
informatica-001,2024-11-19,0.5
informatica-001,2024-11-20,2.0
informatica-001,2024-11-23,1.0
informatica-001,2024-11-28,1.0
informatica-001,2024-12-01,1.0
informatica-001,2024-12-02,1.0
informatica-001,2024-12-10,1.0
informatica-001,2024-12-11,2.0
informatica-001,2024-12-21,1.0
informatica-001,2025-01-05,2.0
informatica-001,2025-01-08,1.0
informatica-001,2025-01-14,1.0
ionic-001,2024-10-31,2.0
ionic-001,2024-11-14,1.0
ionic-001,2024-12-04,2.0
ionic-001,2024-12-05,2.0
ionic-001,2024-12-06,1.0
ionic-001,2025-01-01,1.0
ionic-001,2025-01-03,1.0
ionic-001,2025-01-06,1.0
istio-001,2024-11-03,1.0
istio-001,2024-11-04,2.0
istio-001,2024-11-16,1.0
istio-001,2024-11-27,1.0
istio-001,2024-11-30,1.0
istio-001,2024-12-03,2.0
istio-001,2024-12-11,1.0
istio-001,2024-12-18,1.0
istio-001,2024-12-20,3.0
istio-001,2024-12-26,1.0
jaeger-001,2024-11-02,1.0
jaeger-001,2024-11-13,1.0
jaeger-001,2024-11-15,3.0
jaeger-001,2024-11-21,1.0
jaeger-001,2024-11-27,1.0
jaeger-001,2024-12-01,1.0
jaeger-001,2024-12-02,1.0
jaeger-001,2025-01-03,1.0
jaeger-001,2025-01-21,1.0
jaeger-001,2025-01-22,2.0
java-001,2024-10-26,1.0
java-001,2024-10-27,3.0
java-001,2024-10-29,3.0
java-001,2024-10-31,3.0
java-001,2024-11-05,3.0
java-001,2024-11-10,2.0
java-001,2024-11-12,3.0
java-001,2024-11-13,1.0
java-001,2024-11-15,2.0
java-001,2024-11-21,2.0
java-001,2024-11-23,2.0
java-001,2024-12-02,2.0
java-001,2024-12-03,1.0
java-001,2024-12-04,1.0
java-001,2024-12-09,1.0
java-001,2024-12-12,3.0
java-001,2024-12-15,3.0
java-001,2024-12-25,3.0
java-001,2025-01-02,2.0
java-001,2025-01-03,3.0
java-001,2025-01-04,3.0
java-001,2025-01-05,1.0
java-001,2025-01-14,2.0
java-001,2025-01-17,1.0
java-001,2025-01-20,1.0
jekyll-001,2024-11-13,1.0
jekyll-001,2024-11-23,3.0
jekyll-001,2024-11-24,1.0
jekyll-001,2024-11-28,1.0
jekyll-001,2024-12-11,2.0
jekyll-001,2024-12-25,1.0
jekyll-001,2025-01-12,1.0
jenkins-001,2024-11-02,3.0
jenkins-001,2024-11-06,2.0
jenkins-001,2024-11-09,3.0
jenkins-001,2024-11-25,1.0
jenkins-001,2024-11-26,1.0
jenkins-001,2024-12-04,2.0
jenkins-001,2024-12-20,3.0
jenkins-001,2024-12-23,1.0
jenkins-001,2025-01-23,2.0
jetbrains-ide-001,2024-10-26,2.0
jetbrains-ide-001,2024-10-28,0.5
jetbrains-ide-001,2024-11-02,0.5
jetbrains-ide-001,2024-11-09,3.0
jetbrains-ide-001,2024-11-12,2.0
jetbrains-ide-001,2024-11-13,1.0
jetbrains-ide-001,2024-11-21,0.5
jetbrains-ide-001,2024-11-25,0.5
jetbrains-ide-001,2024-12-02,3.0
jetbrains-ide-001,2024-12-09,3.0
jetbrains-ide-001,2024-12-11,3.0
jetbrains-ide-001,2024-12-18,2.0
jetbrains-ide-001,2024-12-23,3.0
jetbrains-ide-001,2024-12-25,1.0
jetbrains-ide-001,2025-01-04,1.0
jetbrains-ide-001,2025-01-05,0.5
jms-001,2024-10-31,2.0
jms-001,2024-11-09,0.5
jms-001,2024-11-12,1.0
jms-001,2024-12-08,1.0
jms-001,2024-12-21,2.0
jms-001,2024-12-26,2.0
jms-001,2025-01-04,1.0
jms-001,2025-01-06,2.0
jms-001,2025-01-20,2.0
jms-001,2025-01-22,2.0
jupyter-001,2024-10-28,0.5
jupyter-001,2024-11-08,2.0
jupyter-001,2025-01-08,2.0
jupyter-001,2025-01-14,1.0
jupyter-001,2025-01-15,2.0
kafka-001,2024-10-26,1.0
kafka-001,2024-11-05,1.0
kafka-001,2024-11-10,1.0
kafka-001,2024-11-11,3.0
kafka-001,2024-11-12,1.0
kafka-001,2024-11-17,2.0
kafka-001,2024-11-18,1.0
kafka-001,2024-11-23,3.0
kafka-001,2024-12-09,1.0
kafka-001,2024-12-12,3.0
kafka-001,2024-12-13,0.5
kafka-001,2024-12-15,1.0
kafka-001,2024-12-18,3.0
kafka-001,2024-12-22,3.0
kafka-001,2025-01-01,1.0
kafka-001,2025-01-02,1.0
kafka-001,2025-01-03,2.0
kafka-001,2025-01-16,3.0
kafka-001,2025-01-17,1.0
kafka-001,2025-01-18,3.0
kafka-001,2025-01-21,3.0
knative-001,2024-10-28,0.5
knative-001,2024-11-09,1.0
knative-001,2024-11-14,2.0
knative-001,2024-11-16,1.0
knative-001,2024-11-20,1.0
knative-001,2024-11-26,2.0
knative-001,2024-12-02,1.0
knative-001,2024-12-21,1.0
knative-001,2024-12-22,1.0
knative-001,2024-12-25,2.0
knative-001,2024-12-27,3.0
knative-001,2025-01-06,1.0
knative-001,2025-01-08,0.5
knative-001,2025-01-23,1.0
kotlin-001,2024-11-16,1.0
kotlin-001,2024-11-22,3.0
kotlin-001,2024-11-23,2.0
kotlin-001,2024-12-17,1.0
kotlin-001,2024-12-22,3.0
kotlin-001,2024-12-25,1.0
kotlin-001,2024-12-26,2.0
kotlin-001,2025-01-10,3.0
kotlin-001,2025-01-11,3.0
kotlin-multiplatform-001,2024-11-07,1.0
kotlin-multiplatform-001,2024-11-20,2.0
kotlin-multiplatform-001,2024-12-23,2.0
kotlin-multiplatform-001,2024-12-31,2.0
kubeless-001,2024-11-10,1.0
kubeless-001,2024-11-23,1.0
kubeless-001,2024-11-28,1.0
kubeless-001,2024-12-27,2.0
kubeless-001,2025-01-05,1.0
kubernetes-001,2024-11-01,2.0
kubernetes-001,2024-11-04,3.0
kubernetes-001,2024-11-05,2.0
kubernetes-001,2024-11-12,0.5
kubernetes-001,2024-11-13,3.0
kubernetes-001,2024-11-15,0.5
kubernetes-001,2024-11-25,3.0
kubernetes-001,2024-12-03,1.0
kubernetes-001,2024-12-07,3.0
kubernetes-001,2024-12-09,1.0
kubernetes-001,2024-12-14,2.0
kubernetes-001,2024-12-15,0.5
kubernetes-001,2024-12-29,3.0
kubernetes-001,2025-01-03,1.0
kubernetes-001,2025-01-06,1.0
kubernetes-001,2025-01-09,3.0
kubernetes-001,2025-01-20,3.0
kubernetes-001,2025-01-22,2.0
lambda-labs-001,2024-11-16,2.0
lambda-labs-001,2024-11-29,1.0
lambda-labs-001,2024-12-13,1.0
lambda-labs-001,2025-01-12,2.0
lambda-labs-001,2025-01-22,1.0
lambda-labs-001,2025-01-23,1.0
laravel-001,2024-11-06,2.0
laravel-001,2024-11-10,1.0
laravel-001,2024-11-11,3.0
laravel-001,2024-11-22,1.0
laravel-001,2025-01-10,1.0
laravel-001,2025-01-11,3.0
laravel-001,2025-01-15,1.0
laravel-001,2025-01-18,2.0
lightstep-001,2024-11-20,1.0
lightstep-001,2024-11-21,1.0
lightstep-001,2024-11-22,1.0
lightstep-001,2024-12-02,1.0
lightstep-001,2024-12-05,1.0
lightstep-001,2025-01-04,1.0
lightstep-001,2025-01-13,0.5
lightstep-001,2025-01-14,1.0
logz-io-001,2024-10-28,1.0
logz-io-001,2024-11-11,2.0
logz-io-001,2024-11-12,2.0
logz-io-001,2024-11-16,3.0
logz-io-001,2024-11-19,3.0
logz-io-001,2024-11-23,1.0
logz-io-001,2024-11-24,2.0
logz-io-001,2024-12-08,2.0
logz-io-001,2024-12-10,2.0
logz-io-001,2024-12-16,2.0
logz-io-001,2024-12-20,2.0
logz-io-001,2024-12-27,3.0
logz-io-001,2025-01-21,0.5
looker-001,2024-10-26,3.0
looker-001,2024-11-03,3.0
looker-001,2024-11-07,2.0
looker-001,2024-11-12,1.0
looker-001,2024-11-13,3.0
looker-001,2024-11-16,1.0
looker-001,2024-11-17,2.0
looker-001,2024-11-18,3.0
looker-001,2024-11-21,3.0
looker-001,2024-11-29,3.0
looker-001,2024-12-01,1.0
looker-001,2024-12-04,3.0
looker-001,2024-12-12,0.5
looker-001,2024-12-15,2.0
looker-001,2024-12-18,2.0
looker-001,2024-12-20,3.0
looker-001,2024-12-27,3.0
looker-001,2025-01-01,3.0
looker-001,2025-01-17,2.0
looker-001,2025-01-23,2.0
micronaut-001,2024-11-11,1.0
micronaut-001,2024-11-13,1.0
micronaut-001,2024-11-21,3.0
micronaut-001,2024-11-29,1.0
micronaut-001,2024-12-17,0.5
micronaut-001,2024-12-22,1.0
micronaut-001,2024-12-25,0.5
micronaut-001,2024-12-31,3.0
micronaut-001,2025-01-15,1.0
micronaut-001,2025-01-22,1.0
microstrategy-001,2024-10-27,2.0
microstrategy-001,2024-11-08,2.0
microstrategy-001,2024-11-13,3.0
microstrategy-001,2024-11-23,1.0
microstrategy-001,2024-12-01,1.0
microstrategy-001,2024-12-02,2.0
microstrategy-001,2024-12-05,3.0
microstrategy-001,2024-12-15,0.5
microstrategy-001,2024-12-23,3.0
microstrategy-001,2024-12-28,0.5
microstrategy-001,2024-12-31,3.0
microstrategy-001,2025-01-02,3.0
microstrategy-001,2025-01-09,2.0
microstrategy-001,2025-01-10,3.0
microstrategy-001,2025-01-11,2.0
microstrategy-001,2025-01-18,2.0
microstrategy-001,2025-01-21,3.0
modal-001,2024-11-04,1.0
modal-001,2024-12-05,1.0
modal-001,2024-12-16,2.0
modal-001,2024-12-18,1.0
modal-001,2024-12-19,1.0
modal-001,2025-01-07,2.0
modal-001,2025-01-15,2.0
modal-gpu-001,2024-10-26,2.0
modal-gpu-001,2024-11-07,2.0
modal-gpu-001,2024-11-18,3.0
modal-gpu-001,2024-12-01,1.0
modal-gpu-001,2024-12-29,0.5
modal-gpu-001,2025-01-10,1.0
modin-001,2024-10-30,3.0
modin-001,2024-11-23,1.0
modin-001,2024-11-26,2.0
modin-001,2024-12-10,1.0
modin-001,2024-12-25,2.0
modin-001,2025-01-20,2.0
mongodb-001,2024-10-26,3.0
mongodb-001,2024-10-28,1.0
mongodb-001,2024-10-29,3.0
mongodb-001,2024-10-30,2.0
mongodb-001,2024-11-05,3.0
mongodb-001,2024-11-07,1.0
mongodb-001,2024-11-12,0.5
mongodb-001,2024-11-13,3.0
mongodb-001,2024-11-14,3.0
mongodb-001,2024-11-22,1.0
mongodb-001,2024-11-23,1.0
mongodb-001,2024-11-27,0.5
mongodb-001,2024-12-01,0.5
mongodb-001,2024-12-05,3.0
mongodb-001,2024-12-07,2.0
mongodb-001,2024-12-22,3.0
mongodb-001,2024-12-25,2.0
mongodb-001,2025-01-12,1.0
mongodb-001,2025-01-17,0.5
mongodb-001,2025-01-23,3.0
monte-carlo-001,2024-11-03,1.0
monte-carlo-001,2024-11-11,2.0
monte-carlo-001,2024-11-24,2.0
monte-carlo-001,2024-11-28,1.0
monte-carlo-001,2025-01-06,3.0
mqtt-001,2024-11-12,2.0
mqtt-001,2024-11-15,1.0
mqtt-001,2024-12-01,0.5
mqtt-001,2024-12-18,2.0
mqtt-001,2024-12-19,1.0
mqtt-001,2024-12-21,0.5
mqtt-001,2025-01-09,1.0
mqtt-aws-001,2024-11-08,3.0
mqtt-aws-001,2024-11-18,2.0
mqtt-aws-001,2024-11-22,3.0
mqtt-aws-001,2024-11-24,3.0
mqtt-aws-001,2024-12-10,2.0
mqtt-aws-001,2024-12-11,3.0
mqtt-aws-001,2024-12-13,0.5
mqtt-aws-001,2024-12-17,1.0
mqtt-aws-001,2024-12-19,2.0
mqtt-aws-001,2024-12-21,1.0
mqtt-aws-001,2024-12-25,0.5
mqtt-aws-001,2024-12-29,3.0
mqtt-aws-001,2024-12-30,2.0
mqtt-aws-001,2025-01-09,2.0
mqtt-aws-001,2025-01-20,3.0
mqtt-aws-001,2025-01-23,1.0
nano-001,2024-11-09,1.0
nano-001,2024-12-07,1.0
nano-001,2024-12-10,2.0
nano-001,2024-12-17,1.0
nano-001,2024-12-19,1.0
nano-001,2024-12-31,1.0
nano-001,2025-01-03,1.0
nats-001,2024-11-28,2.0
nats-001,2024-12-04,1.0
nats-001,2024-12-10,1.0
nats-001,2024-12-11,2.0
nats-001,2024-12-24,1.0
nats-001,2024-12-28,2.0
nats-001,2024-12-30,2.0
nats-001,2025-01-17,3.0
neovim-001,2024-11-22,1.0
neovim-001,2024-12-11,3.0
neovim-001,2024-12-20,2.0
neovim-001,2024-12-25,2.0
nestjs-001,2024-11-05,2.0
nestjs-001,2024-11-06,2.0
nestjs-001,2024-11-20,1.0
nestjs-001,2024-12-02,0.5
nestjs-001,2024-12-08,0.5
nestjs-001,2024-12-11,2.0
nestjs-001,2024-12-23,0.5
nestjs-001,2025-01-02,2.0
nestjs-001,2025-01-16,2.0
new-relic-001,2024-11-07,3.0
new-relic-001,2024-11-08,1.0
new-relic-001,2024-11-09,2.0
new-relic-001,2024-11-13,2.0
new-relic-001,2024-11-14,1.0
new-relic-001,2024-12-01,2.0
new-relic-001,2024-12-09,2.0
new-relic-001,2024-12-18,3.0
new-relic-001,2024-12-31,1.0
new-relic-001,2025-01-02,1.0
new-relic-001,2025-01-06,1.0
new-relic-001,2025-01-08,1.0
new-relic-001,2025-01-09,1.0
new-relic-001,2025-01-13,2.0
new-relic-001,2025-01-23,2.0
next-js-001,2024-10-26,0.5
next-js-001,2024-11-01,2.0
next-js-001,2024-11-05,2.0
next-js-001,2024-11-18,2.0
next-js-001,2024-11-21,3.0
next-js-001,2024-11-22,2.0
next-js-001,2024-11-25,1.0
next-js-001,2024-11-26,1.0
next-js-001,2024-11-30,1.0
next-js-001,2024-12-17,3.0
next-js-001,2024-12-21,3.0
next-js-001,2024-12-23,2.0
next-js-001,2024-12-25,2.0
next-js-001,2024-12-28,3.0
next-js-001,2025-01-03,3.0
next-js-001,2025-01-04,1.0
next-js-001,2025-01-05,0.5
next-js-001,2025-01-09,1.0
next-js-001,2025-01-10,1.0
next-js-001,2025-01-11,2.0
next-js-001,2025-01-21,2.0
next-js-001,2025-01-23,1.0
nodejs-001,2024-10-30,2.0
nodejs-001,2024-11-01,0.5
nodejs-001,2024-11-04,1.0
nodejs-001,2024-11-06,2.0
nodejs-001,2024-11-17,2.0
nodejs-001,2024-11-27,3.0
nodejs-001,2024-12-07,1.0
notion-001,2024-11-05,3.0
notion-001,2024-11-06,3.0
notion-001,2024-11-25,3.0
notion-001,2024-12-01,1.0
notion-001,2024-12-07,2.0
notion-001,2024-12-30,1.0
notion-001,2025-01-13,1.0
notion-001,2025-01-15,0.5
notion-001,2025-01-18,1.0
notion-001,2025-01-20,1.0
nuclio-001,2024-11-15,0.5
nuclio-001,2024-12-11,2.0
nuclio-001,2024-12-18,0.5
nuclio-001,2024-12-25,2.0
nuclio-001,2025-01-13,3.0
nuclio-001,2025-01-17,1.0
nuclio-001,2025-01-20,2.0
nuxt-001,2024-10-27,2.0
nuxt-001,2024-11-20,1.0
nuxt-001,2024-12-01,0.5
nuxt-001,2025-01-15,2.0
nuxt-001,2025-01-22,2.0
objective-c-001,2024-11-05,0.5
objective-c-001,2024-11-23,2.0
objective-c-001,2024-11-25,2.0
objective-c-001,2024-11-28,1.0
objective-c-001,2024-11-29,2.0
objective-c-001,2024-12-01,3.0
objective-c-001,2024-12-13,1.0
objective-c-001,2024-12-19,2.0
objective-c-001,2024-12-31,1.0
objective-c-001,2025-01-12,0.5
objective-c-001,2025-01-14,3.0
objective-c-001,2025-01-17,1.0
objective-c-001,2025-01-21,2.0
objective-c-001,2025-01-22,0.5
openai-001,2024-10-29,1.0
openai-001,2024-10-31,3.0
openai-001,2024-11-03,1.0
openai-001,2024-11-04,2.0
openai-001,2024-11-08,2.0
openai-001,2024-11-10,1.0
openai-001,2024-11-20,2.0
openai-001,2024-11-26,3.0
openai-001,2024-12-03,3.0
openai-001,2024-12-04,1.0
openai-001,2024-12-09,1.0
openai-001,2024-12-12,3.0
openai-001,2024-12-13,1.0
openai-001,2024-12-15,0.5
openai-001,2024-12-19,3.0
openai-001,2024-12-29,2.0
openai-001,2025-01-02,2.0
openai-001,2025-01-06,3.0
openai-001,2025-01-07,1.0
openai-001,2025-01-08,3.0
openai-001,2025-01-09,3.0
openai-001,2025-01-10,1.0
openai-001,2025-01-23,2.0
openfaas-001,2024-10-26,0.5
openfaas-001,2024-10-27,1.0
openfaas-001,2024-10-28,1.0
openfaas-001,2024-11-08,1.0
openfaas-001,2024-11-09,1.0
openfaas-001,2024-11-16,2.0
openfaas-001,2024-12-15,2.0
openfaas-001,2024-12-20,1.0
openfaas-001,2025-01-02,1.0
openwhisk-001,2024-10-27,2.0
openwhisk-001,2024-10-29,3.0
openwhisk-001,2024-11-03,2.0
openwhisk-001,2024-11-05,2.0
openwhisk-001,2024-11-13,1.0
openwhisk-001,2024-12-08,1.0
openwhisk-001,2024-12-11,1.0
openwhisk-001,2024-12-21,0.5
openwhisk-001,2024-12-31,1.0
paperspace-001,2024-11-08,2.0
paperspace-001,2024-11-12,2.0
paperspace-001,2024-12-06,1.0
paperspace-001,2025-01-22,0.5
perforce-helix-001,2024-11-03,1.0
perforce-helix-001,2024-11-10,1.0
perforce-helix-001,2024-11-18,3.0
perforce-helix-001,2024-11-21,2.0
perforce-helix-001,2024-12-15,3.0
perforce-helix-001,2024-12-27,3.0
perforce-helix-001,2024-12-31,0.5
perforce-helix-001,2025-01-01,0.5
perforce-helix-001,2025-01-02,0.5
perforce-helix-001,2025-01-05,3.0
perforce-helix-001,2025-01-08,1.0
perforce-helix-001,2025-01-10,2.0
perforce-helix-001,2025-01-17,2.0
perforce-helix-001,2025-01-18,3.0
perforce-helix-001,2025-01-22,1.0
perl-001,2024-10-29,2.0
perl-001,2024-11-09,2.0
perl-001,2024-11-28,1.0
perl-001,2024-12-23,1.0
perl-001,2024-12-26,2.0
perl-001,2025-01-09,0.5
perl-001,2025-01-21,3.0
php-001,2024-11-04,1.0
php-001,2024-12-02,1.0
php-001,2024-12-29,1.0
php-001,2025-01-05,2.0
polars-001,2024-11-07,0.5
polars-001,2024-11-12,2.0
polars-001,2024-12-13,2.0
polars-001,2024-12-20,1.0
polars-001,2025-01-01,2.0
posit-rstudio-001,2024-10-26,1.0
posit-rstudio-001,2024-10-30,3.0
posit-rstudio-001,2024-11-07,1.0
posit-rstudio-001,2024-11-09,3.0
posit-rstudio-001,2024-11-10,3.0
posit-rstudio-001,2024-11-20,0.5
posit-rstudio-001,2024-11-22,2.0
posit-rstudio-001,2024-11-23,1.0
posit-rstudio-001,2024-12-02,3.0
posit-rstudio-001,2024-12-09,0.5
posit-rstudio-001,2024-12-12,3.0
posit-rstudio-001,2024-12-13,1.0
posit-rstudio-001,2024-12-15,3.0
posit-rstudio-001,2024-12-17,2.0
posit-rstudio-001,2024-12-18,1.0
posit-rstudio-001,2024-12-21,0.5
posit-rstudio-001,2024-12-23,0.5
posit-rstudio-001,2024-12-24,1.0
posit-rstudio-001,2024-12-25,1.0
posit-rstudio-001,2024-12-29,3.0
posit-rstudio-001,2025-01-04,1.0
posit-rstudio-001,2025-01-08,1.0
posit-rstudio-001,2025-01-15,2.0
postgresql-001,2024-10-30,3.0
postgresql-001,2024-11-01,1.0
postgresql-001,2024-11-19,1.0
postgresql-001,2024-11-27,3.0
postgresql-001,2024-12-01,1.0
postgresql-001,2024-12-04,2.0
postgresql-001,2024-12-10,0.5
postgresql-001,2024-12-15,2.0
postgresql-001,2024-12-25,2.0
postgresql-001,2024-12-30,1.0
postgresql-001,2025-01-03,1.0
postgresql-001,2025-01-16,1.0
postgresql-001,2025-01-17,2.0
power-bi-001,2024-10-26,0.5
power-bi-001,2024-10-27,1.0
power-bi-001,2024-11-04,2.0
power-bi-001,2024-11-12,1.0
power-bi-001,2024-11-14,3.0
power-bi-001,2024-11-19,3.0
power-bi-001,2024-11-20,1.0
power-bi-001,2024-12-07,1.0
power-bi-001,2024-12-12,2.0
power-bi-001,2024-12-13,2.0
power-bi-001,2024-12-15,2.0
power-bi-001,2024-12-16,1.0
power-bi-001,2024-12-18,1.0
power-bi-001,2024-12-25,3.0
power-bi-001,2024-12-26,1.0
power-bi-001,2024-12-27,1.0
power-bi-001,2024-12-29,1.0
power-bi-001,2025-01-05,2.0
power-bi-001,2025-01-11,3.0
prefect-001,2024-10-31,1.0
prefect-001,2024-11-09,1.0
prefect-001,2024-11-10,1.0
prefect-001,2024-12-02,1.0
prefect-001,2024-12-12,2.0
prefect-001,2024-12-17,1.0
prefect-001,2025-01-07,1.0
prefect-001,2025-01-11,0.5
prometheus-001,2024-11-16,3.0
prometheus-001,2024-11-25,1.0
prometheus-001,2024-12-05,3.0
prometheus-001,2024-12-09,1.0
pulumi-001,2024-10-31,1.0
pulumi-001,2024-11-09,1.0
pulumi-001,2024-11-16,1.0
pulumi-001,2024-11-29,1.0
pulumi-001,2024-12-11,1.0
pulumi-001,2024-12-23,1.0
pulumi-001,2024-12-28,0.5
pulumi-001,2024-12-30,1.0
pulumi-001,2025-01-03,3.0
pulumi-001,2025-01-04,2.0
pulumi-001,2025-01-06,0.5
pulumi-001,2025-01-07,1.0
puppet-001,2024-11-08,0.5
puppet-001,2024-11-12,3.0
puppet-001,2024-11-13,1.0
puppet-001,2024-12-03,2.0
puppet-001,2024-12-05,1.0
puppet-001,2024-12-12,2.0
puppet-001,2024-12-13,2.0
puppet-001,2025-01-16,2.0
puppet-001,2025-01-20,1.0
python-001,2024-10-29,3.0
python-001,2024-10-31,3.0
python-001,2024-12-01,1.0
python-001,2024-12-12,3.0
python-001,2024-12-22,1.0
python-001,2024-12-27,1.0
python-001,2024-12-30,1.0
python-001,2024-12-31,0.5
qlik-001,2024-10-26,2.0
qlik-001,2024-10-28,1.0
qlik-001,2024-10-31,2.0
qlik-001,2024-11-05,3.0
qlik-001,2024-11-07,3.0
qlik-001,2024-11-19,3.0
qlik-001,2024-11-24,1.0
qlik-001,2024-12-06,2.0
qlik-001,2024-12-09,2.0
qlik-001,2024-12-11,1.0
qlik-001,2024-12-14,3.0
qlik-001,2024-12-16,3.0
qlik-001,2024-12-17,1.0
qlik-001,2024-12-19,3.0
qlik-001,2024-12-21,1.0
qlik-001,2024-12-25,2.0
qlik-001,2024-12-27,1.0
qlik-001,2024-12-30,3.0
qlik-001,2025-01-14,1.0
qlik-001,2025-01-15,3.0
qlik-001,2025-01-18,1.0
qlik-001,2025-01-21,3.0
qlik-001,2025-01-22,1.0
qlik-001,2025-01-23,3.0
quarkus-001,2024-10-28,0.5
quarkus-001,2024-10-30,1.0
quarkus-001,2024-10-31,3.0
quarkus-001,2024-11-04,1.0
quarkus-001,2024-11-13,3.0
quarkus-001,2024-11-14,0.5
quarkus-001,2024-11-24,1.0
quarkus-001,2024-11-26,2.0
quarkus-001,2024-12-25,3.0
quarkus-001,2024-12-27,2.0
quarkus-001,2025-01-02,0.5
quarkus-001,2025-01-08,2.0
quarkus-001,2025-01-13,0.5
quarkus-001,2025-01-17,2.0
quarkus-001,2025-01-20,2.0
rabbitmq-001,2024-11-02,2.0
rabbitmq-001,2024-11-12,2.0
rabbitmq-001,2024-11-26,1.0
rabbitmq-001,2024-11-27,2.0
rabbitmq-001,2024-12-14,3.0
rabbitmq-001,2024-12-17,1.0
rabbitmq-001,2024-12-18,1.0
rabbitmq-001,2024-12-24,1.0
rabbitmq-001,2025-01-01,1.0
rabbitmq-001,2025-01-05,3.0
rails-001,2024-11-01,1.0
rails-001,2024-11-09,3.0
rails-001,2024-11-16,1.0
rails-001,2024-11-24,2.0
rails-001,2024-11-28,1.0
rails-001,2024-12-03,3.0
rails-001,2024-12-13,2.0
rails-001,2024-12-16,1.0
rails-001,2024-12-24,2.0
rails-001,2024-12-25,2.0
rails-001,2025-01-02,2.0
rails-001,2025-01-16,2.0
rails-001,2025-01-21,3.0
railway-001,2024-11-08,1.0
railway-001,2024-11-13,1.0
railway-001,2024-11-14,1.0
railway-001,2024-11-17,3.0
railway-001,2024-11-20,1.0
railway-001,2024-11-25,1.0
railway-001,2024-11-27,2.0
railway-001,2025-01-11,0.5
railway-001,2025-01-16,3.0
railway-001,2025-01-17,1.0
ray-001,2024-11-17,1.0
ray-001,2024-11-28,2.0
ray-001,2024-12-07,1.0
ray-001,2024-12-09,1.0
ray-001,2024-12-15,0.5
ray-001,2025-01-01,1.0
ray-001,2025-01-20,2.0
react-001,2024-10-29,1.0
react-001,2024-11-04,3.0
react-001,2024-11-06,1.0
react-001,2024-11-09,1.0
react-001,2024-11-13,2.0
react-001,2024-11-16,0.5
react-001,2024-11-19,1.0
react-001,2024-11-26,3.0
react-001,2024-11-29,0.5
react-001,2024-12-04,3.0
react-001,2024-12-06,3.0
react-001,2024-12-09,3.0
react-001,2024-12-11,2.0
react-001,2024-12-17,1.0
react-001,2024-12-19,3.0
react-001,2024-12-20,2.0
react-001,2024-12-21,0.5
react-001,2025-01-03,1.0
react-001,2025-01-07,3.0
react-001,2025-01-08,3.0
react-001,2025-01-11,1.0
react-001,2025-01-18,3.0
react-001,2025-01-23,1.0
react-native-001,2024-10-31,3.0
react-native-001,2024-11-02,1.0
react-native-001,2024-11-04,3.0
react-native-001,2024-11-07,3.0
react-native-001,2024-11-22,1.0
react-native-001,2024-11-29,1.0
react-native-001,2024-12-03,3.0
react-native-001,2024-12-11,1.0
react-native-001,2024-12-12,1.0
react-native-001,2024-12-18,2.0
react-native-001,2024-12-24,3.0
react-native-001,2024-12-31,1.0
react-native-001,2025-01-01,1.0
react-native-001,2025-01-05,1.0
react-native-001,2025-01-12,1.0
react-native-001,2025-01-15,3.0
redis-001,2024-10-30,2.0
redis-001,2024-11-03,1.0
redis-001,2024-11-04,2.0
redis-001,2024-11-11,3.0
redis-001,2024-11-12,3.0
redis-001,2024-11-14,1.0
redis-001,2024-11-25,1.0
redis-001,2024-12-05,2.0
redis-001,2024-12-11,1.0
redis-001,2024-12-12,1.0
redis-001,2024-12-14,1.0
redis-001,2024-12-15,2.0
redis-001,2024-12-21,3.0
redis-001,2024-12-22,3.0
redis-001,2025-01-01,2.0
redis-001,2025-01-06,1.0
redis-001,2025-01-08,1.0
redis-001,2025-01-11,2.0
redis-001,2025-01-15,3.0
redis-001,2025-01-16,2.0
redis-001,2025-01-17,2.0
redis-001,2025-01-20,0.5
redis-001,2025-01-21,3.0
redis-001,2025-01-22,3.0
redshift-001,2024-10-26,2.0
redshift-001,2024-10-30,2.0
redshift-001,2024-11-02,1.0
redshift-001,2024-11-06,0.5
redshift-001,2024-11-15,3.0
redshift-001,2024-11-20,3.0
redshift-001,2024-11-24,3.0
redshift-001,2024-12-01,1.0
redshift-001,2024-12-06,3.0
redshift-001,2024-12-17,0.5
redshift-001,2024-12-25,1.0
redshift-001,2024-12-26,1.0
redshift-001,2025-01-02,1.0
redshift-001,2025-01-04,3.0
redshift-001,2025-01-07,1.0
redshift-001,2025-01-16,1.0
redshift-001,2025-01-17,2.0
remix-001,2024-11-02,2.0
remix-001,2024-11-14,2.0
remix-001,2024-12-07,2.0
remix-001,2024-12-17,0.5
remix-001,2024-12-23,3.0
remix-001,2024-12-24,1.0
remix-001,2024-12-26,1.0
remix-001,2024-12-31,2.0
remix-001,2025-01-02,1.0
remix-001,2025-01-14,0.5
render-001,2024-10-31,1.0
render-001,2024-11-14,2.0
render-001,2024-11-19,2.0
render-001,2024-12-06,2.0
render-001,2024-12-22,0.5
render-001,2024-12-25,2.0
render-001,2024-12-29,2.0
render-001,2025-01-07,2.0
render-001,2025-01-11,3.0
render-001,2025-01-17,1.0
replit-001,2024-11-08,1.0
replit-001,2024-11-09,0.5
replit-001,2024-11-23,1.0
replit-001,2024-11-30,2.0
replit-001,2024-12-09,2.0
replit-001,2024-12-12,0.5
replit-001,2024-12-26,1.0
replit-001,2025-01-05,2.0
replit-001,2025-01-07,1.0
rest-001,2024-11-06,2.0
rest-001,2024-11-11,1.0
rest-001,2024-11-22,3.0
rest-001,2024-11-25,1.0
rest-001,2024-12-02,1.0
rest-001,2024-12-10,3.0
rest-001,2025-01-16,0.5
retool-001,2024-11-22,0.5
retool-001,2024-11-24,1.0
retool-001,2024-12-08,3.0
retool-001,2024-12-17,1.0
retool-001,2024-12-20,3.0
retool-001,2024-12-22,2.0
retool-001,2024-12-23,1.0
retool-001,2025-01-04,2.0
retool-001,2025-01-17,1.0
rmi-001,2024-10-30,2.0
rmi-001,2024-11-18,3.0
rmi-001,2024-11-21,1.0
rmi-001,2024-11-28,2.0
rmi-001,2024-12-12,1.0
rmi-001,2025-01-05,1.0
rmi-001,2025-01-19,1.0
ruby-001,2024-10-27,2.0
ruby-001,2024-11-17,3.0
ruby-001,2024-11-19,2.0
ruby-001,2024-11-20,0.5
ruby-001,2024-12-01,2.0
ruby-001,2024-12-21,3.0
ruby-001,2024-12-28,1.0
ruby-001,2024-12-31,1.0
ruby-001,2025-01-15,1.0
ruby-001,2025-01-18,3.0
runwayml-001,2024-11-08,0.5
runwayml-001,2024-11-09,3.0
runwayml-001,2024-11-13,2.0
runwayml-001,2024-12-24,1.0
runwayml-001,2025-01-07,1.0
runwayml-001,2025-01-16,3.0
rust-001,2024-11-17,2.0
rust-001,2024-11-28,1.0
rust-001,2024-11-30,1.0
rust-001,2024-12-13,1.0
rust-001,2024-12-31,2.0
rust-001,2025-01-03,2.0
rust-001,2025-01-06,2.0
rust-001,2025-01-08,1.0
rust-001,2025-01-15,3.0
scala-001,2024-10-26,1.0
scala-001,2024-12-12,3.0
scala-001,2024-12-18,2.0
scala-001,2024-12-20,1.0
scala-001,2024-12-31,3.0
scala-001,2025-01-03,1.0
scala-001,2025-01-17,1.0
scala-001,2025-01-20,1.0
sisense-001,2024-10-27,2.0
sisense-001,2024-11-02,1.0
sisense-001,2024-11-08,1.0
sisense-001,2024-11-13,3.0
sisense-001,2024-11-16,0.5
sisense-001,2024-11-20,1.0
sisense-001,2024-11-21,1.0
sisense-001,2024-11-22,2.0
sisense-001,2024-12-02,3.0
sisense-001,2024-12-11,2.0
sisense-001,2024-12-13,0.5
sisense-001,2024-12-19,2.0
sisense-001,2025-01-07,0.5
sisense-001,2025-01-17,1.0
sisense-001,2025-01-20,3.0
slack-001,2024-10-29,1.0
slack-001,2024-10-30,2.0
slack-001,2024-10-31,1.0
slack-001,2024-11-08,1.0
slack-001,2024-11-11,2.0
slack-001,2024-11-13,1.0
slack-001,2024-11-14,3.0
slack-001,2024-11-15,1.0
slack-001,2024-11-17,1.0
slack-001,2024-11-21,0.5
slack-001,2024-11-25,3.0
slack-001,2024-11-26,1.0
slack-001,2024-12-04,3.0
slack-001,2024-12-10,2.0
slack-001,2024-12-11,2.0
slack-001,2024-12-12,1.0
slack-001,2024-12-17,1.0
slack-001,2024-12-20,2.0
slack-001,2025-01-02,2.0
slack-001,2025-01-04,3.0
slack-001,2025-01-05,1.0
slack-001,2025-01-06,3.0
slack-001,2025-01-08,2.0
slack-001,2025-01-12,3.0
slack-001,2025-01-16,3.0
snowflake-001,2024-11-01,1.0
snowflake-001,2024-11-07,1.0
snowflake-001,2024-11-10,0.5
snowflake-001,2024-11-13,1.0
snowflake-001,2024-11-15,3.0
snowflake-001,2024-11-19,2.0
snowflake-001,2024-11-26,1.0
snowflake-001,2024-11-29,1.0
snowflake-001,2024-12-02,3.0
snowflake-001,2024-12-05,3.0
snowflake-001,2024-12-06,3.0
snowflake-001,2024-12-14,1.0
snowflake-001,2024-12-18,3.0
snowflake-001,2024-12-22,2.0
snowflake-001,2024-12-24,1.0
snowflake-001,2024-12-28,1.0
snowflake-001,2024-12-30,2.0
snowflake-001,2025-01-05,0.5
snowflake-001,2025-01-07,3.0
snowflake-001,2025-01-11,2.0
snowflake-001,2025-01-12,1.0
snowflake-001,2025-01-20,2.0
soap-001,2024-11-05,1.0
soap-001,2024-11-21,1.0
soap-001,2024-11-29,2.0
soap-001,2024-12-07,1.0
soap-001,2025-01-03,1.0
soap-001,2025-01-07,2.0
soap-001,2025-01-12,2.0
soap-001,2025-01-13,2.0
soap-001,2025-01-21,2.0
soap-001,2025-01-23,3.0
soda-001,2024-11-27,1.0
soda-001,2024-12-07,2.0
soda-001,2025-01-09,1.0
soda-001,2025-01-14,1.0
sourcetree-001,2024-11-18,1.0
sourcetree-001,2024-11-26,1.0
sourcetree-001,2024-11-30,2.0
sourcetree-001,2024-12-01,1.0
sourcetree-001,2024-12-10,2.0
sourcetree-001,2024-12-18,2.0
sourcetree-001,2024-12-19,1.0
sourcetree-001,2024-12-21,3.0
sourcetree-001,2024-12-23,0.5
sourcetree-001,2024-12-24,1.0
sourcetree-001,2024-12-29,1.0
sourcetree-001,2025-01-11,1.0
sourcetree-001,2025-01-20,0.5
splunk-001,2024-10-29,1.0
splunk-001,2024-10-30,3.0
splunk-001,2024-11-01,0.5
splunk-001,2024-11-10,2.0
splunk-001,2024-11-20,1.0
splunk-001,2024-11-25,1.0
splunk-001,2024-11-30,1.0
splunk-001,2024-12-11,3.0
splunk-001,2024-12-12,0.5
splunk-001,2024-12-15,1.0
splunk-001,2024-12-22,3.0
splunk-001,2024-12-23,3.0
splunk-001,2024-12-24,1.0
splunk-001,2024-12-27,1.0
splunk-001,2024-12-29,3.0
splunk-001,2025-01-10,3.0
splunk-001,2025-01-15,3.0
splunk-001,2025-01-21,0.5
spring-001,2024-10-27,3.0
spring-001,2024-11-01,1.0
spring-001,2024-12-04,1.0
spring-001,2024-12-07,1.0
spring-001,2024-12-08,3.0
spring-001,2024-12-18,1.0
spring-001,2024-12-23,1.0
spring-001,2024-12-25,2.0
spring-001,2024-12-30,2.0
spring-001,2025-01-02,3.0
spring-001,2025-01-03,1.0
spring-001,2025-01-07,1.0
spring-001,2025-01-08,3.0
spring-001,2025-01-12,0.5
spring-001,2025-01-15,3.0
spring-001,2025-01-21,1.0
stackstorm-001,2024-10-30,0.5
stackstorm-001,2024-11-05,2.0
stackstorm-001,2024-11-20,2.0
stackstorm-001,2024-12-03,2.0
stackstorm-001,2024-12-09,3.0
stackstorm-001,2024-12-16,1.0
stackstorm-001,2024-12-21,2.0
stackstorm-001,2025-01-17,0.5
stackstorm-001,2025-01-23,1.0
stomp-001,2024-11-02,3.0
stomp-001,2024-11-13,1.0
stomp-001,2024-11-15,0.5
stomp-001,2024-12-05,2.0
stomp-001,2024-12-24,1.0
stomp-001,2025-01-08,1.0
stripe-001,2024-10-30,1.0
stripe-001,2024-11-06,3.0
stripe-001,2024-11-08,3.0
stripe-001,2024-11-15,0.5
stripe-001,2024-11-27,1.0
stripe-001,2024-12-01,1.0
stripe-001,2024-12-05,3.0
stripe-001,2024-12-06,3.0
stripe-001,2024-12-07,3.0
stripe-001,2024-12-09,3.0
stripe-001,2024-12-16,2.0
stripe-001,2024-12-17,1.0
stripe-001,2024-12-23,1.0
stripe-001,2024-12-25,2.0
stripe-001,2024-12-28,3.0
stripe-001,2025-01-04,1.0
stripe-001,2025-01-18,1.0
stripe-001,2025-01-19,3.0
stripe-001,2025-01-22,1.0
sublime-text-001,2024-11-05,1.0
sublime-text-001,2024-11-08,0.5
sublime-text-001,2024-11-18,2.0
sublime-text-001,2024-12-24,1.0
sublime-text-001,2025-01-02,1.0
sublime-text-001,2025-01-16,0.5
sumo-logic-001,2024-10-26,1.0
sumo-logic-001,2024-10-27,2.0
sumo-logic-001,2024-11-06,1.0
sumo-logic-001,2024-11-09,1.0
sumo-logic-001,2024-11-14,1.0
sumo-logic-001,2024-11-21,0.5
sumo-logic-001,2024-11-25,3.0
sumo-logic-001,2024-12-07,0.5
sumo-logic-001,2024-12-26,1.0
sumo-logic-001,2024-12-28,3.0
sumo-logic-001,2024-12-30,1.0
sumo-logic-001,2025-01-04,3.0
sumo-logic-001,2025-01-07,2.0
sumo-logic-001,2025-01-19,1.0
sumo-logic-001,2025-01-22,3.0
supabase-001,2024-11-05,3.0
supabase-001,2024-11-13,3.0
supabase-001,2024-12-06,1.0
supabase-001,2025-01-11,2.0
svelte-001,2024-11-06,1.0
svelte-001,2024-11-10,0.5
svelte-001,2024-11-15,2.0
svelte-001,2024-11-20,3.0
svelte-001,2024-11-27,2.0
svelte-001,2024-12-06,1.0
svelte-001,2024-12-23,1.0
svelte-001,2025-01-17,1.0
svelte-001,2025-01-22,0.5
swift-001,2024-11-05,1.0
swift-001,2024-11-08,3.0
swift-001,2024-11-11,1.0
swift-001,2024-11-14,3.0
swift-001,2024-11-16,3.0
swift-001,2024-11-24,0.5
swift-001,2024-11-26,1.0
swift-001,2024-11-28,1.0
swift-001,2024-12-01,0.5
swift-001,2024-12-04,3.0
swift-001,2024-12-14,1.0
swift-001,2024-12-21,1.0
swift-001,2025-01-01,3.0
swift-001,2025-01-13,1.0
swift-001,2025-01-14,3.0
swift-001,2025-01-17,1.0
symfony-001,2024-11-20,2.0
symfony-001,2024-12-15,0.5
symfony-001,2024-12-27,1.0
symfony-001,2025-01-12,0.5
tableau-001,2024-10-30,1.0
tableau-001,2024-10-31,2.0
tableau-001,2024-11-02,1.0
tableau-001,2024-11-05,2.0
tableau-001,2024-11-12,1.0
tableau-001,2024-11-14,1.0
tableau-001,2024-11-20,2.0
tableau-001,2024-11-21,3.0
tableau-001,2024-11-25,1.0
tableau-001,2024-11-26,1.0
tableau-001,2024-11-30,1.0
tableau-001,2024-12-02,3.0
tableau-001,2024-12-05,1.0
tableau-001,2024-12-07,0.5
tableau-001,2024-12-12,2.0
tableau-001,2024-12-13,3.0
tableau-001,2024-12-21,1.0
tableau-001,2024-12-28,0.5
tableau-001,2025-01-10,2.0
tableau-001,2025-01-13,3.0
tableau-001,2025-01-16,3.0
tabnine-001,2024-11-03,2.0
tabnine-001,2024-11-10,1.0
tabnine-001,2024-12-09,3.0
tabnine-001,2024-12-11,3.0
tabnine-001,2024-12-18,1.0
tabnine-001,2024-12-20,2.0
tabnine-001,2024-12-22,1.0
tabnine-001,2024-12-26,1.0
tabnine-001,2024-12-29,1.0
tabnine-001,2025-01-01,3.0
tabnine-001,2025-01-05,2.0
tabnine-001,2025-01-14,2.0
talend-001,2024-10-30,1.0
talend-001,2024-10-31,1.0
talend-001,2024-11-05,1.0
talend-001,2024-11-12,1.0
talend-001,2024-11-15,3.0
talend-001,2024-11-20,2.0
talend-001,2024-11-21,1.0
talend-001,2024-11-22,2.0
talend-001,2024-11-23,0.5
talend-001,2024-11-24,1.0
talend-001,2024-11-25,1.0
talend-001,2024-11-27,1.0
talend-001,2024-12-02,1.0
talend-001,2024-12-04,3.0
talend-001,2024-12-10,1.0
talend-001,2024-12-12,0.5
talend-001,2024-12-13,1.0
talend-001,2024-12-15,3.0
talend-001,2024-12-19,3.0
talend-001,2024-12-21,2.0
talend-001,2024-12-22,3.0
talend-001,2024-12-31,0.5
talend-001,2025-01-04,2.0
talend-001,2025-01-07,2.0
talend-001,2025-01-12,2.0
tempo-001,2024-11-04,1.0
tempo-001,2024-12-03,3.0
tempo-001,2024-12-05,2.0
tempo-001,2024-12-10,1.0
tempo-001,2024-12-27,2.0
tempo-001,2025-01-04,0.5
tempo-001,2025-01-07,1.0
tempo-001,2025-01-12,1.0
tempo-001,2025-01-18,2.0
temporal-001,2024-11-25,2.0
temporal-001,2025-01-02,2.0
temporal-001,2025-01-06,1.0
temporal-001,2025-01-08,1.0
temporal-001,2025-01-14,1.0
temporal-001,2025-01-19,2.0
terraform-001,2024-11-08,1.0
terraform-001,2024-11-09,3.0
terraform-001,2024-11-18,2.0
terraform-001,2024-11-20,1.0
terraform-001,2024-11-28,3.0
terraform-001,2024-12-05,3.0
terraform-001,2024-12-06,1.0
terraform-001,2024-12-11,3.0
terraform-001,2024-12-23,1.0
terraform-001,2024-12-27,3.0
terraform-001,2025-01-01,1.0
terraform-001,2025-01-02,2.0
terraform-001,2025-01-07,2.0
terraform-001,2025-01-10,3.0
terraform-001,2025-01-15,1.0
terraform-001,2025-01-19,1.0
together-ai-001,2024-10-26,0.5
together-ai-001,2024-11-09,1.0
together-ai-001,2024-11-26,2.0
together-ai-001,2024-12-25,3.0
together-ai-001,2024-12-27,2.0
together-ai-001,2025-01-08,1.0
travis-ci-001,2024-11-26,1.0
travis-ci-001,2025-01-01,1.0
travis-ci-001,2025-01-03,2.0
travis-ci-001,2025-01-14,0.5
travis-ci-001,2025-01-16,1.0
trifacta-001,2024-10-31,0.5
trifacta-001,2024-11-06,3.0
trifacta-001,2024-11-07,2.0
trifacta-001,2024-11-17,3.0
trifacta-001,2024-11-18,1.0
trifacta-001,2024-11-26,3.0
trifacta-001,2024-12-01,3.0
trifacta-001,2024-12-03,3.0
trifacta-001,2024-12-09,2.0
trifacta-001,2024-12-14,2.0
trifacta-001,2024-12-15,2.0
trifacta-001,2024-12-18,3.0
trifacta-001,2024-12-20,3.0
trifacta-001,2024-12-23,2.0
trifacta-001,2024-12-24,2.0
trifacta-001,2025-01-07,2.0
trifacta-001,2025-01-11,3.0
trifacta-001,2025-01-12,1.0
trifacta-001,2025-01-13,3.0
trifacta-001,2025-01-16,2.0
trifacta-001,2025-01-17,1.0
trifacta-001,2025-01-23,2.0
twilio-001,2024-10-30,1.0
twilio-001,2024-10-31,2.0
twilio-001,2024-11-11,3.0
twilio-001,2024-11-14,2.0
twilio-001,2024-11-19,1.0
twilio-001,2024-11-24,3.0
twilio-001,2024-11-25,2.0
twilio-001,2024-12-05,0.5
twilio-001,2024-12-06,2.0
twilio-001,2024-12-07,1.0
twilio-001,2024-12-09,2.0
twilio-001,2024-12-13,3.0
twilio-001,2024-12-14,3.0
twilio-001,2024-12-17,2.0
twilio-001,2024-12-23,1.0
twilio-001,2024-12-25,1.0
twilio-001,2024-12-28,2.0
twilio-001,2024-12-29,3.0
twilio-001,2025-01-03,3.0
twilio-001,2025-01-04,1.0
twilio-001,2025-01-07,1.0
twilio-001,2025-01-13,1.0
twilio-001,2025-01-19,2.0
typescript-001,2024-10-28,1.0
typescript-001,2024-10-31,1.0
typescript-001,2024-11-26,1.0
typescript-001,2024-12-17,1.0
typescript-001,2025-01-16,1.0
vast-ai-001,2024-11-04,2.0
vast-ai-001,2024-11-05,0.5
vast-ai-001,2024-11-21,1.0
vast-ai-001,2024-11-26,1.0
vast-ai-001,2024-12-10,3.0
vast-ai-001,2025-01-05,1.0
vast-ai-001,2025-01-16,1.0
vast-ai-001,2025-01-18,1.0
vast-ai-001,2025-01-22,1.0
vault-001,2024-10-29,0.5
vault-001,2024-11-03,1.0
vault-001,2024-11-18,1.0
vault-001,2024-11-20,1.0
vault-001,2024-11-21,1.0
vault-001,2024-12-02,1.0
vault-001,2024-12-17,3.0
vault-001,2024-12-21,3.0
vault-001,2024-12-24,1.0
vault-001,2025-01-03,1.0
vault-001,2025-01-04,2.0
vault-001,2025-01-06,1.0
vault-001,2025-01-09,3.0
vault-001,2025-01-20,3.0
vault-001,2025-01-21,1.0
vault-001,2025-01-22,3.0
vercel-001,2024-10-28,3.0
vercel-001,2024-11-01,1.0
vercel-001,2024-11-06,2.0
vercel-001,2024-11-10,1.0
vercel-001,2024-11-11,2.0
vercel-001,2024-11-19,2.0
vercel-001,2024-11-22,1.0
vercel-001,2024-11-26,3.0
vercel-001,2024-12-07,2.0
vercel-001,2024-12-23,0.5
vercel-001,2025-01-10,1.0
vercel-001,2025-01-15,1.0
vercel-001,2025-01-16,0.5
vercel-001,2025-01-18,2.0
vim-001,2024-10-26,1.0
vim-001,2024-11-11,0.5
vim-001,2024-12-22,2.0
vim-001,2024-12-31,3.0
vim-001,2025-01-08,1.0
vim-001,2025-01-15,2.0
visual-studio-001,2024-11-02,3.0
visual-studio-001,2024-11-04,2.0
visual-studio-001,2024-11-18,0.5
visual-studio-001,2024-11-22,3.0
visual-studio-001,2024-11-23,0.5
visual-studio-001,2024-12-05,2.0
visual-studio-001,2024-12-13,2.0
visual-studio-001,2024-12-15,2.0
visual-studio-001,2024-12-16,3.0
visual-studio-001,2024-12-24,0.5
visual-studio-001,2024-12-26,1.0
visual-studio-001,2025-01-05,0.5
visual-studio-001,2025-01-11,0.5
visual-studio-001,2025-01-13,1.0
visual-studio-001,2025-01-16,3.0
visual-studio-001,2025-01-17,0.5
visual-studio-001,2025-01-22,3.0
vscode-001,2024-10-31,2.0
vscode-001,2024-11-11,1.0
vscode-001,2024-11-13,3.0
vscode-001,2024-11-15,0.5
vscode-001,2024-11-21,3.0
vscode-001,2024-11-25,3.0
vscode-001,2024-12-02,2.0
vscode-001,2024-12-08,1.0
vscode-001,2024-12-11,2.0
vscode-001,2024-12-14,2.0
vscode-001,2024-12-20,0.5
vscode-001,2024-12-22,1.0
vscode-001,2024-12-29,3.0
vscode-001,2024-12-31,3.0
vscode-001,2025-01-11,2.0
vscode-001,2025-01-13,2.0
vscode-001,2025-01-17,0.5
vscode-001,2025-01-21,1.0
vue-001,2024-10-29,1.0
vue-001,2024-11-14,1.0
vue-001,2024-11-23,2.0
vue-001,2024-11-27,2.0
vue-001,2024-11-30,1.0
vue-001,2024-12-08,1.0
vue-001,2024-12-14,1.0
vue-001,2024-12-15,1.0
vue-001,2025-01-05,1.0
webrtc-001,2024-10-28,2.0
webrtc-001,2024-11-04,2.0
webrtc-001,2024-11-09,2.0
webrtc-001,2024-11-11,1.0
webrtc-001,2024-11-12,2.0
webrtc-001,2024-11-17,0.5
webrtc-001,2024-12-04,2.0
webrtc-001,2024-12-08,1.0
webrtc-001,2024-12-09,1.0
webrtc-001,2024-12-11,1.0
webrtc-001,2024-12-21,2.0
webrtc-001,2024-12-26,0.5
webrtc-001,2024-12-31,3.0
webrtc-001,2025-01-10,1.0
webrtc-001,2025-01-22,1.0
websocket-001,2024-11-07,1.0
websocket-001,2024-11-29,0.5
websocket-001,2024-12-11,1.0
websocket-001,2025-01-21,2.0
websocket-001,2025-01-22,2.0
websocket-001,2025-01-23,2.0
xamarin-001,2024-10-28,0.5
xamarin-001,2024-10-30,1.0
xamarin-001,2024-11-07,2.0
xamarin-001,2024-11-14,1.0
xamarin-001,2024-11-30,1.0
xamarin-001,2024-12-05,2.0
xamarin-001,2024-12-30,1.0
xamarin-001,2025-01-04,1.0
xamarin-001,2025-01-05,0.5
xamarin-001,2025-01-07,3.0
xamarin-001,2025-01-22,1.0
zed-001,2024-11-11,1.0
zed-001,2024-11-18,2.0
zed-001,2024-12-05,3.0
zed-001,2024-12-10,1.0
zed-001,2024-12-14,1.0
zed-001,2024-12-28,1.0
zipkin-001,2024-11-17,1.0
zipkin-001,2024-11-19,3.0
zipkin-001,2024-12-02,2.0
zipkin-001,2024-12-22,1.0
zipkin-001,2025-01-21,2.0
