site_id,total_forecast_m3,total_actual_m3,ratio,flag
38110139,22.928571428571487,3.2,7.16517857142859,EXTREME_HIGH
38110195,22.928571428571487,3.0,7.642857142857163,EXTREME_HIGH
38111600,22.928571428571487,4.5,5.095238095238108,EXTREME_HIGH
38117181,55.02857142857158,10.5,5.240816326530627,EXTREME_HIGH
38117595,68.78571428571412,10.5,6.551020408163249,EXTREME_HIGH
38117847,22.928571428571487,3.75,6.11428571428573,EXTREME_HIGH
38117928,22.928571428571487,3.0,7.642857142857163,EXTREME_HIGH
38118046,22.928571428571487,3.0,7.642857142857163,EXTREME_HIGH
38100159,22.928571428571487,4.5,5.095238095238108,EXTREME_HIGH
38100209,45.857142857142975,9.0,5.095238095238108,EXTREME_HIGH
38100273,80.39682539682545,14.25,5.641882483987751,EXTREME_HIGH
38106322,91.71428571428595,12.75,7.193277310924389,EXTREME_HIGH
38108887,250.78125,26.25,9.553571428571429,EXTREME_HIGH
38113018,22.928571428571487,4.5,5.095238095238108,EXTREME_HIGH
38113234,68.78571428571412,9.75,7.054945054945038,EXTREME_HIGH
38118170,68.78571428571412,3.75,18.3428571428571,EXTREME_HIGH
38101156,18.760000000000023,1.5,12.506666666666682,EXTREME_HIGH
38105256,45.857142857142975,4.5,10.190476190476216,EXTREME_HIGH
38113775,22.928571428571487,3.0,7.642857142857163,EXTREME_HIGH
38113782,22.928571428571487,4.5,5.095238095238108,EXTREME_HIGH
38118096,22.928571428571487,2.25,10.190476190476216,EXTREME_HIGH
38118119,22.928571428571487,4.5,5.095238095238108,EXTREME_HIGH
38118386,22.928571428571487,1.5,15.285714285714326,EXTREME_HIGH
38118501,229.28571428571527,30.75,7.456445993031391,EXTREME_HIGH
38118748,34.936554621848735,4.4,7.940126050420166,EXTREME_HIGH
38122730,91.71428571428595,9.75,9.40659340659343,EXTREME_HIGH
38122808,45.857142857142975,6.75,6.793650793650811,EXTREME_HIGH
38122824,22.928571428571487,4.5,5.095238095238108,EXTREME_HIGH
38122877,68.78571428571412,10.5,6.551020408163249,EXTREME_HIGH
38122883,23.25,2.25,10.333333333333334,EXTREME_HIGH
38122931,23.09999999999996,3.0,7.699999999999986,EXTREME_HIGH
38123115,22.928571428571487,4.5,5.095238095238108,EXTREME_HIGH
38123131,22.928571428571487,4.5,5.095238095238108,EXTREME_HIGH
38123242,15.076928571428583,2.25,6.700857142857148,EXTREME_HIGH
38126966,22.928571428571487,4.5,5.095238095238108,EXTREME_HIGH
38127060,22.928571428571487,4.5,5.095238095238108,EXTREME_HIGH
38127103,131.83928571428592,21.75,6.061576354679812,EXTREME_HIGH
38127122,25.301020408163296,4.5,5.6224489795918435,EXTREME_HIGH
38127245,9.171428571428548,1.5,6.114285714285699,EXTREME_HIGH
38127261,12.596221301020428,1.5,8.397480867346951,EXTREME_HIGH
38127271,60.98341836734686,11.25,5.420748299319721,EXTREME_HIGH
38127341,9.171428571428548,1.5,6.114285714285699,EXTREME_HIGH
38127411,285.5822222222221,24.0,11.899259259259253,EXTREME_HIGH
38127553,62.38584183673452,6.0,10.39764030612242,EXTREME_HIGH
38127598,92.33992346938757,5.25,17.588556851311917,EXTREME_HIGH
38127628,13.375,2.25,5.944444444444445,EXTREME_HIGH
38127642,9.826530612244934,1.25,7.861224489795947,EXTREME_HIGH
38127650,22.928571428571487,0.75,30.57142857142865,EXTREME_HIGH
38127656,7.6428571428571255,1.5,5.095238095238083,EXTREME_HIGH
38127713,5.459183673469408,0.75,7.278911564625877,EXTREME_HIGH
38127749,8.698690476190508,0.75,11.598253968254012,EXTREME_HIGH
38127752,9.171428571428548,1.5,6.114285714285699,EXTREME_HIGH
38127758,8.698690476190508,0.75,11.598253968254012,EXTREME_HIGH
38127761,14.395714285714249,1.5,9.597142857142833,EXTREME_HIGH
38127777,10.394866071428552,0.75,13.859821428571403,EXTREME_HIGH
38127778,10.394866071428552,0.75,13.859821428571403,EXTREME_HIGH
38127781,9.080316091954007,0.75,12.107088122605342,EXTREME_HIGH
38127784,10.646996753246754,1.5,7.097997835497836,EXTREME_HIGH
38127797,8.04891774891776,1.5,5.365945165945173,EXTREME_HIGH
38127809,10.734782608695614,1.5,7.156521739130409,EXTREME_HIGH
38127819,22.928571428571487,3.0,7.642857142857163,EXTREME_HIGH
38127832,26.542920918367365,3.0,8.847640306122456,EXTREME_HIGH
38127840,34.83857142857136,5.5,6.334285714285702,EXTREME_HIGH
38127858,10.734782608695614,0.75,14.313043478260818,EXTREME_HIGH
38127861,9.464285714285714,0.75,12.619047619047619,EXTREME_HIGH
38127868,10.080428571428572,0.75,13.44057142857143,EXTREME_HIGH
38127873,21.616666666666738,1.5,14.41111111111116,EXTREME_HIGH
38127875,10.394866071428552,0.75,13.859821428571403,EXTREME_HIGH
38127881,10.394866071428552,0.75,13.859821428571403,EXTREME_HIGH
38127889,11.462599900099937,0.75,15.283466533466582,EXTREME_HIGH
38127898,9.171428571428548,0.75,12.228571428571398,EXTREME_HIGH
38127900,9.464285714285715,0.75,12.61904761904762,EXTREME_HIGH
38127922,47.725446428571374,7.5,6.36339285714285,EXTREME_HIGH
38127925,9.171428571428548,0.75,12.228571428571398,EXTREME_HIGH
38127929,9.464285714285715,0.75,12.61904761904762,EXTREME_HIGH
38127931,8.929310344827613,0.75,11.905747126436816,EXTREME_HIGH
38127932,9.171428571428548,0.75,12.228571428571398,EXTREME_HIGH
38127950,10.734782608695614,0.75,14.313043478260818,EXTREME_HIGH
38127951,9.464285714285715,1.5,6.30952380952381,EXTREME_HIGH
38127967,10.734782608695614,0.75,14.313043478260818,EXTREME_HIGH
38127968,8.701428571428604,1.5,5.800952380952403,EXTREME_HIGH
38127984,3.2755102040816424,0.5,6.551020408163285,EXTREME_HIGH
38127990,9.171428571428548,1.5,6.114285714285699,EXTREME_HIGH
38128002,9.464285714285715,0.75,12.61904761904762,EXTREME_HIGH
38128011,22.928571428571487,0.75,30.57142857142865,EXTREME_HIGH
38128024,9.75906593406594,0.75,13.012087912087921,EXTREME_HIGH
38128027,10.734782608695614,0.75,14.313043478260818,EXTREME_HIGH
38128032,10.878571428571398,0.75,14.504761904761864,EXTREME_HIGH
38128046,10.624236058059614,0.75,14.165648077412818,EXTREME_HIGH
38128054,10.07657142857143,0.75,13.435428571428574,EXTREME_HIGH
38128077,8.929310344827613,0.75,11.905747126436816,EXTREME_HIGH
38128089,10.080428571428572,0.75,13.44057142857143,EXTREME_HIGH
38128095,11.464285714285744,0.75,15.285714285714326,EXTREME_HIGH
38128139,22.928571428571487,0.75,30.57142857142865,EXTREME_HIGH
38128142,138.5910374149661,9.9,13.999094688380415,EXTREME_HIGH
38128146,13.757142857142895,1.5,9.171428571428597,EXTREME_HIGH
38128151,51.75352214749552,1.5,34.502348098330344,EXTREME_HIGH
38128169,17.65816326530609,0.75,23.544217687074788,EXTREME_HIGH
38128175,24.589285714285747,0.75,32.78571428571433,EXTREME_HIGH
38100881,91.71428571428595,7.5,12.22857142857146,EXTREME_HIGH
38109707,22.928571428571487,4.5,5.095238095238108,EXTREME_HIGH
38114326,34.39285714285706,6.75,5.095238095238083,EXTREME_HIGH
38114337,258.0825892857141,36.0,7.168960813492059,EXTREME_HIGH
38118853,23.25,2.25,10.333333333333334,EXTREME_HIGH
38119225,244.57142857142802,16.0,15.285714285714251,EXTREME_HIGH
38121345,68.78571428571412,12.0,5.732142857142843,EXTREME_HIGH
38121356,22.928571428571487,4.5,5.095238095238108,EXTREME_HIGH
38121851,22.928571428571487,4.5,5.095238095238108,EXTREME_HIGH
38121852,45.857142857142975,6.0,7.642857142857163,EXTREME_HIGH
38121905,23.09999999999996,4.5,5.133333333333324,EXTREME_HIGH
38121909,114.64285714285764,18.75,6.1142857142857405,EXTREME_HIGH
38122051,22.928571428571487,3.75,6.11428571428573,EXTREME_HIGH
38122076,22.928571428571487,4.5,5.095238095238108,EXTREME_HIGH
38122364,46.0,7.5,6.133333333333334,EXTREME_HIGH
38126515,670.2949735449739,56.0,11.969553099017391,EXTREME_HIGH
38127238,23.25,2.25,10.333333333333334,EXTREME_HIGH
38127454,22.928571428571487,1.5,15.285714285714326,EXTREME_HIGH
38120513,38.541460213893146,6.75,5.709845957613799,EXTREME_HIGH
38120837,17.19642857142853,2.25,7.642857142857125,EXTREME_HIGH
38120903,22.928571428571487,4.5,5.095238095238108,EXTREME_HIGH
38105517,38.21428571428566,5.25,7.278911564625839,EXTREME_HIGH
38107270,45.857142857142975,6.0,7.642857142857163,EXTREME_HIGH
38111930,9.171428571428548,0.75,12.228571428571398,EXTREME_HIGH
38112257,244.57142857142802,32.0,7.6428571428571255,EXTREME_HIGH
38115069,34.39285714285706,6.0,5.732142857142843,EXTREME_HIGH
38115225,22.928571428571487,1.5,15.285714285714326,EXTREME_HIGH
38119504,22.928571428571487,3.0,7.642857142857163,EXTREME_HIGH
38120053,45.857142857142975,6.0,7.642857142857163,EXTREME_HIGH
38124275,22.928571428571487,3.0,7.642857142857163,EXTREME_HIGH
38124345,22.928571428571487,2.25,10.190476190476216,EXTREME_HIGH
38101677,48.12218807977737,6.0,8.020364679962894,EXTREME_HIGH
38101862,22.928571428571487,4.5,5.095238095238108,EXTREME_HIGH
38106609,22.928571428571487,1.5,15.285714285714326,EXTREME_HIGH
38110944,91.71428571428595,8.25,11.116883116883145,EXTREME_HIGH
38116418,1222.857142857141,120.0,10.190476190476176,EXTREME_HIGH
38116751,45.857142857142975,7.5,6.11428571428573,EXTREME_HIGH
38116756,45.857142857142975,7.5,6.11428571428573,EXTREME_HIGH
38108130,22.928571428571487,3.0,7.642857142857163,EXTREME_HIGH
38108323,22.928571428571487,3.75,6.11428571428573,EXTREME_HIGH
38109892,45.857142857142975,7.5,6.11428571428573,EXTREME_HIGH
38109986,38.21428571428566,6.75,5.661375661375653,EXTREME_HIGH
38111758,244.57142857142802,32.0,7.6428571428571255,EXTREME_HIGH
38117743,24.589285714285747,2.25,10.928571428571443,EXTREME_HIGH
38117745,244.57142857142802,24.0,10.190476190476167,EXTREME_HIGH
38117815,91.71428571428595,4.5,20.380952380952433,EXTREME_HIGH
38117891,45.857142857142975,9.0,5.095238095238108,EXTREME_HIGH
38100288,25.43303571428573,3.0,8.477678571428577,EXTREME_HIGH
38100336,22.928571428571487,1.5,15.285714285714326,EXTREME_HIGH
38100472,22.928571428571487,0.75,30.57142857142865,EXTREME_HIGH
38106250,29.823660714285758,166.74999999999974,0.17885253801670647,EXTREME_LOW
38108581,22.928571428571487,2.25,10.190476190476216,EXTREME_HIGH
38104464,80.3878826530612,13.5,5.954657974300829,EXTREME_HIGH
38113605,22.928571428571487,4.5,5.095238095238108,EXTREME_HIGH
38113724,68.78571428571412,3.75,18.3428571428571,EXTREME_HIGH
38113942,27.349206349206447,4.5,6.077601410934766,EXTREME_HIGH
38118251,21.814772002551017,3.0,7.271590667517006,EXTREME_HIGH
38118288,68.78571428571412,9.0,7.642857142857125,EXTREME_HIGH
38118405,22.928571428571487,4.5,5.095238095238108,EXTREME_HIGH
38118715,5.732142857142872,0.75,7.642857142857163,EXTREME_HIGH
38122601,46.5,3.75,12.4,EXTREME_HIGH
38122619,22.928571428571487,2.25,10.190476190476216,EXTREME_HIGH
38122731,22.928571428571487,4.5,5.095238095238108,EXTREME_HIGH
38122912,165.69387755101997,32.0,5.177933673469374,EXTREME_HIGH
38122963,22.928571428571487,4.5,5.095238095238108,EXTREME_HIGH
38123001,22.928571428571487,4.5,5.095238095238108,EXTREME_HIGH
38123109,20.380952380952326,0.75,27.174603174603103,EXTREME_HIGH
38123118,22.928571428571487,4.5,5.095238095238108,EXTREME_HIGH
38123229,62.18303571428573,11.25,5.527380952380954,EXTREME_HIGH
38122235,22.928571428571487,0.75,30.57142857142865,EXTREME_HIGH
38126792,23.25,4.5,5.166666666666667,EXTREME_HIGH
38127051,68.78571428571412,6.75,10.190476190476167,EXTREME_HIGH
38127109,32.13026147959175,4.5,7.140058106575945,EXTREME_HIGH
38127111,86.77232142857142,16.499999999999996,5.258928571428572,EXTREME_HIGH
38127351,45.857142857142975,5.25,8.734693877551043,EXTREME_HIGH
38127362,244.57142857142802,24.0,10.190476190476167,EXTREME_HIGH
38127389,19.070000000000068,3.75,5.0853333333333515,EXTREME_HIGH
38127493,158.5691964285714,26.25,6.040731292517005,EXTREME_HIGH
38127531,45.857142857142975,3.0,15.285714285714326,EXTREME_HIGH
38127609,68.4225765306122,10.5,6.516435860058305,EXTREME_HIGH
38127622,12.41964285714281,2.25,5.5198412698412485,EXTREME_HIGH
38127635,20.0625,1.0,20.0625,EXTREME_HIGH
38127657,8.598214285714265,1.25,6.878571428571412,EXTREME_HIGH
38127684,42.58163265306113,5.25,8.110787172011644,EXTREME_HIGH
38127704,18.021538461538476,1.5,12.014358974358984,EXTREME_HIGH
38127721,45.857142857142975,0.75,61.1428571428573,EXTREME_HIGH
38127753,9.464285714285715,0.75,12.61904761904762,EXTREME_HIGH
38127754,10.080428571428572,1.5,6.720285714285715,EXTREME_HIGH
38127757,9.464285714285715,0.75,12.61904761904762,EXTREME_HIGH
38127769,9.464285714285715,1.5,6.30952380952381,EXTREME_HIGH
38127776,14.395714285714249,1.5,9.597142857142833,EXTREME_HIGH
38127810,10.080428571428572,1.5,6.720285714285715,EXTREME_HIGH
38127811,10.734782608695614,1.5,7.156521739130409,EXTREME_HIGH
38127824,14.33275510204078,0.75,19.110340136054372,EXTREME_HIGH
38127849,85.02742346938761,3.75,22.673979591836698,EXTREME_HIGH
38127856,34.29767219387751,0.75,45.73022959183668,EXTREME_HIGH
38127857,10.402455357142838,0.75,13.86994047619045,EXTREME_HIGH
38127867,9.464285714285715,1.5,6.30952380952381,EXTREME_HIGH
38127871,9.464285714285714,0.75,12.619047619047619,EXTREME_HIGH
38127878,9.464285714285715,1.5,6.30952380952381,EXTREME_HIGH
38127879,10.402455357142838,0.75,13.86994047619045,EXTREME_HIGH
38127883,11.464285714285744,0.75,15.285714285714326,EXTREME_HIGH
38127892,10.394866071428552,0.75,13.859821428571403,EXTREME_HIGH
38127894,9.464285714285714,0.75,12.619047619047619,EXTREME_HIGH
38127896,8.698690476190508,0.75,11.598253968254012,EXTREME_HIGH
38127899,11.462599900099937,0.75,15.283466533466582,EXTREME_HIGH
38127936,9.080316091954007,0.75,12.107088122605342,EXTREME_HIGH
38127949,9.464285714285715,0.75,12.61904761904762,EXTREME_HIGH
38127956,6.997645211930921,0.75,9.330193615907895,EXTREME_HIGH
38127961,8.04891774891776,0.75,10.731890331890346,EXTREME_HIGH
38127982,289.97222222222246,25.299999999999997,11.461352657004841,EXTREME_HIGH
38128004,6.997645211930921,0.75,9.330193615907895,EXTREME_HIGH
38128006,9.171428571428548,1.5,6.114285714285699,EXTREME_HIGH
38128026,10.734782608695614,0.75,14.313043478260818,EXTREME_HIGH
38128040,9.464285714285715,0.75,12.61904761904762,EXTREME_HIGH
38128042,9.766895604395613,0.75,13.022527472527484,EXTREME_HIGH
38128074,91.06728316326532,0.75,121.42304421768709,EXTREME_HIGH
38128087,10.734782608695614,0.75,14.313043478260818,EXTREME_HIGH
38128130,257.5841269841273,8.0,32.19801587301591,EXTREME_HIGH
38128144,264.3252976190473,3.3000000000000003,80.09857503607493,EXTREME_HIGH
38128150,17.19642857142853,0.75,22.928571428571374,EXTREME_HIGH
38128156,4.367346938775489,0.25,17.469387755101955,EXTREME_HIGH
38128171,21.491709183673482,0.75,28.655612244897977,EXTREME_HIGH
38128172,24.589285714285747,0.75,32.78571428571433,EXTREME_HIGH
38128174,21.491709183673482,0.75,28.655612244897977,EXTREME_HIGH
38128176,24.589285714285747,0.75,32.78571428571433,EXTREME_HIGH
38128179,21.491709183673482,0.75,28.655612244897977,EXTREME_HIGH
38107898,207.99335034013575,35.199999999999996,5.908901998299312,EXTREME_HIGH
38107948,22.928571428571487,2.25,10.190476190476216,EXTREME_HIGH
38114087,22.928571428571487,4.5,5.095238095238108,EXTREME_HIGH
38114566,22.928571428571487,2.25,10.190476190476216,EXTREME_HIGH
38114797,22.928571428571487,3.75,6.11428571428573,EXTREME_HIGH
38118864,22.928571428571487,4.5,5.095238095238108,EXTREME_HIGH
38118975,22.928571428571487,3.0,7.642857142857163,EXTREME_HIGH
38119138,67.25714285714308,8.8,7.642857142857167,EXTREME_HIGH
38121520,22.928571428571487,4.5,5.095238095238108,EXTREME_HIGH
38121635,114.64285714285764,7.5,15.285714285714352,EXTREME_HIGH
38122180,22.928571428571487,4.5,5.095238095238108,EXTREME_HIGH
38126580,22.928571428571487,3.75,6.11428571428573,EXTREME_HIGH
38126596,22.928571428571487,3.0,7.642857142857163,EXTREME_HIGH
38127476,45.857142857142975,6.0,7.642857142857163,EXTREME_HIGH
38128185,21.491709183673482,0.75,28.655612244897977,EXTREME_HIGH
38128190,24.589285714285747,0.75,32.78571428571433,EXTREME_HIGH
38102147,75.40351190476188,481.799999999999,0.15650376069896646,EXTREME_LOW
38115723,22.928571428571487,3.75,6.11428571428573,EXTREME_HIGH
38116051,22.928571428571487,1.5,15.285714285714326,EXTREME_HIGH
38116127,34.39285714285706,6.0,5.732142857142843,EXTREME_HIGH
38120332,23.09999999999996,2.25,10.266666666666648,EXTREME_HIGH
38120446,22.928571428571487,3.75,6.11428571428573,EXTREME_HIGH
38120977,22.928571428571487,4.5,5.095238095238108,EXTREME_HIGH
38121168,257.94642857142804,6.0,42.99107142857134,EXTREME_HIGH
38107234,22.928571428571487,0.75,30.57142857142865,EXTREME_HIGH
38112253,244.57142857142802,24.0,10.190476190476167,EXTREME_HIGH
38119511,22.928571428571487,2.25,10.190476190476216,EXTREME_HIGH
38119527,22.928571428571487,3.75,6.11428571428573,EXTREME_HIGH
38119739,22.928571428571487,1.5,15.285714285714326,EXTREME_HIGH
38119770,22.928571428571487,4.5,5.095238095238108,EXTREME_HIGH
38120196,8.701428571428604,1.5,5.800952380952403,EXTREME_HIGH
38124053,175.11642857142883,34.5,5.075838509316777,EXTREME_HIGH
38124382,22.928571428571487,3.0,7.642857142857163,EXTREME_HIGH
38101477,22.928571428571487,3.75,6.11428571428573,EXTREME_HIGH
38101859,8.698690476190508,0.75,11.598253968254012,EXTREME_HIGH
38103651,22.928571428571487,3.75,6.11428571428573,EXTREME_HIGH
38110697,22.928571428571487,3.0,7.642857142857163,EXTREME_HIGH
38110883,171.96428571428527,12.75,13.487394957983158,EXTREME_HIGH
38111142,22.928571428571487,3.0,7.642857142857163,EXTREME_HIGH
38116536,8.695952380952413,1.5,5.797301587301608,EXTREME_HIGH
38111669,23.57880527210886,3.0,7.85960175736962,EXTREME_HIGH
38117417,22.928571428571487,4.5,5.095238095238108,EXTREME_HIGH
38117644,114.64285714285764,4.5,25.476190476190585,EXTREME_HIGH
38117682,68.78571428571412,0.75,91.7142857142855,EXTREME_HIGH
38117834,13.031428571428576,2.25,5.791746031746033,EXTREME_HIGH
38117926,33.62857142857154,6.6,5.095238095238113,EXTREME_HIGH
38108671,22.928571428571487,4.5,5.095238095238108,EXTREME_HIGH
38104677,91.71428571428595,15.75,5.823129251700696,EXTREME_HIGH
38113964,22.928571428571487,3.0,7.642857142857163,EXTREME_HIGH
38118224,91.71428571428595,9.0,10.190476190476216,EXTREME_HIGH
38118351,22.928571428571487,3.75,6.11428571428573,EXTREME_HIGH
38118509,69.75,13.5,5.166666666666667,EXTREME_HIGH
38122647,22.928571428571487,2.25,10.190476190476216,EXTREME_HIGH
38122675,22.928571428571487,3.75,6.11428571428573,EXTREME_HIGH
38123503,67.25714285714308,13.2,5.095238095238113,EXTREME_HIGH
38126960,28.66071428571441,4.5,6.369047619047646,EXTREME_HIGH
38127066,9.239026860744312,1.5,6.159351240496208,EXTREME_HIGH
38127246,812.7676767676757,88.0,9.235996326905406,EXTREME_HIGH
38127267,67.10000000000002,10.999999999999998,6.100000000000003,EXTREME_HIGH
38127344,27.705357142857093,4.5,6.156746031746021,EXTREME_HIGH
38127349,45.857142857142975,1.5,30.57142857142865,EXTREME_HIGH
38127543,36.19515306122458,6.0,6.032525510204096,EXTREME_HIGH
38127549,15.059311224489834,3.0,5.019770408163278,EXTREME_HIGH
38127556,211.4187748015867,31.5,6.711707136558307,EXTREME_HIGH
38127581,9.171428571428548,0.75,12.228571428571398,EXTREME_HIGH
38127611,10.508928571428573,2.0,5.2544642857142865,EXTREME_HIGH
38127647,16.89675595238095,1.5,11.264503968253967,EXTREME_HIGH
38127697,1075.8000000000006,195.80000000000004,5.494382022471912,EXTREME_HIGH
38127698,1085.7,210.09999999999997,5.167539267015708,EXTREME_HIGH
38127709,30.571428571428502,6.0,5.095238095238083,EXTREME_HIGH
38127714,1391.5505952380963,92.00000000000001,15.125549948240176,EXTREME_HIGH
38127734,16.367307692307644,1.5,10.911538461538429,EXTREME_HIGH
38127767,10.402455357142838,1.5,6.934970238095225,EXTREME_HIGH
38127768,15.782142857142894,1.5,10.521428571428595,EXTREME_HIGH
38127799,8.47603686635944,0.75,11.301382488479254,EXTREME_HIGH
38127804,36.67321428571438,6.6,5.556547619047634,EXTREME_HIGH
38127805,4.367346938775489,0.75,5.823129251700652,EXTREME_HIGH
38127813,10.402455357142838,1.5,6.934970238095225,EXTREME_HIGH
38127814,10.402455357142838,1.5,6.934970238095225,EXTREME_HIGH
38127844,39.21874999999989,1.5,26.14583333333326,EXTREME_HIGH
38127846,60.629623724489896,5.25,11.548499757045695,EXTREME_HIGH
38127921,17.19642857142853,1.5,11.464285714285687,EXTREME_HIGH
38127926,11.711333333333354,0.75,15.615111111111139,EXTREME_HIGH
38127933,9.464285714285715,0.75,12.61904761904762,EXTREME_HIGH
38127934,10.734782608695614,0.75,14.313043478260818,EXTREME_HIGH
38127935,9.464285714285715,0.75,12.61904761904762,EXTREME_HIGH
38127942,16.367307692307644,1.5,10.911538461538429,EXTREME_HIGH
38127943,13.08270676691732,0.75,17.443609022556426,EXTREME_HIGH
38127955,9.464285714285715,0.75,12.61904761904762,EXTREME_HIGH
38127965,9.464285714285715,0.75,12.61904761904762,EXTREME_HIGH
38127977,10.734782608695612,0.75,14.313043478260816,EXTREME_HIGH
38127987,5.732142857142872,1.0,5.732142857142872,EXTREME_HIGH
38127995,9.171428571428548,1.5,6.114285714285699,EXTREME_HIGH
38128014,10.734782608695614,0.75,14.313043478260818,EXTREME_HIGH
38128020,9.766895604395613,0.75,13.022527472527484,EXTREME_HIGH
38128021,10.394866071428552,0.75,13.859821428571403,EXTREME_HIGH
38128037,8.698690476190508,0.75,11.598253968254012,EXTREME_HIGH
38128048,8.701428571428604,0.75,11.601904761904805,EXTREME_HIGH
38128052,8.701428571428604,0.75,11.601904761904805,EXTREME_HIGH
38128070,10.402455357142838,0.75,13.86994047619045,EXTREME_HIGH
38128072,71.81894132653059,0.75,95.75858843537412,EXTREME_HIGH
38128084,10.734782608695614,0.75,14.313043478260818,EXTREME_HIGH
38128090,55.34725765306123,4.5,12.299390589569162,EXTREME_HIGH
38128092,17.19642857142853,0.75,22.928571428571374,EXTREME_HIGH
38128094,10.080428571428572,0.75,13.44057142857143,EXTREME_HIGH
38128096,85.94196428571429,6.75,12.732142857142858,EXTREME_HIGH
38128105,4.367346938775489,0.25,17.469387755101955,EXTREME_HIGH
38128167,21.491709183673482,0.75,28.655612244897977,EXTREME_HIGH
38128177,24.589285714285747,0.75,32.78571428571433,EXTREME_HIGH
38128178,24.589285714285747,0.75,32.78571428571433,EXTREME_HIGH
38128180,21.491709183673482,0.75,28.655612244897977,EXTREME_HIGH
38114551,22.928571428571487,3.75,6.11428571428573,EXTREME_HIGH
38114683,33.62857142857154,4.4,7.642857142857167,EXTREME_HIGH
38118880,22.928571428571487,1.5,15.285714285714326,EXTREME_HIGH
38121466,40.430714285714274,7.519999999999999,5.376424772036473,EXTREME_HIGH
38121522,33.62857142857154,6.6,5.095238095238113,EXTREME_HIGH
38121600,22.928571428571487,0.75,30.57142857142865,EXTREME_HIGH
38122078,22.928571428571487,4.5,5.095238095238108,EXTREME_HIGH
38122165,22.928571428571487,3.75,6.11428571428573,EXTREME_HIGH
38122290,114.64285714285764,8.25,13.896103896103956,EXTREME_HIGH
38126510,23.0,1.5,15.333333333333334,EXTREME_HIGH
38127292,9.171428571428548,0.75,12.228571428571398,EXTREME_HIGH
38127315,22.928571428571487,2.25,10.190476190476216,EXTREME_HIGH
38127442,144.8125,13.5,10.726851851851851,EXTREME_HIGH
38128189,17.65816326530609,0.75,23.544217687074788,EXTREME_HIGH
38116196,22.928571428571487,4.5,5.095238095238108,EXTREME_HIGH
38116212,245.55102040816277,16.0,15.346938775510173,EXTREME_HIGH
38120296,22.928571428571487,0.75,30.57142857142865,EXTREME_HIGH
38120344,22.928571428571487,1.5,15.285714285714326,EXTREME_HIGH
38120389,22.928571428571487,4.5,5.095238095238108,EXTREME_HIGH
38120464,91.71428571428595,2.25,40.761904761904866,EXTREME_HIGH
38120556,22.928571428571487,3.75,6.11428571428573,EXTREME_HIGH
38108127,22.928571428571487,2.25,10.190476190476216,EXTREME_HIGH
38109910,10151.256717687067,1315.25,7.718119534451296,EXTREME_HIGH
38117441,1.3757142857142892,0.18,7.642857142857163,EXTREME_HIGH
38117478,23.25,4.5,5.166666666666667,EXTREME_HIGH
38117883,45.38265306122454,9.0,5.0425170068027265,EXTREME_HIGH
38118087,22.928571428571487,3.0,7.642857142857163,EXTREME_HIGH
38102604,255.93137755102003,11.25,22.749455782312893,EXTREME_HIGH
38106158,59.276339285714485,359.89999999999986,0.16470224864049599,EXTREME_LOW
38101154,45.857142857142975,2.25,20.380952380952433,EXTREME_HIGH
38113930,597.1452380952383,88.0,6.7857413419913435,EXTREME_HIGH
38118254,80.25,12.0,6.6875,EXTREME_HIGH
38118394,45.857142857142975,8.25,5.558441558441572,EXTREME_HIGH
38122564,9.171428571428548,0.75,12.228571428571398,EXTREME_HIGH
38122579,17.391904761904826,3.0,5.797301587301608,EXTREME_HIGH
38122679,22.928571428571487,4.5,5.095238095238108,EXTREME_HIGH
38122736,8.698690476190508,1.5,5.799126984127006,EXTREME_HIGH
38122812,22.928571428571487,4.5,5.095238095238108,EXTREME_HIGH
38122876,22.928571428571487,3.0,7.642857142857163,EXTREME_HIGH
38122900,23.0,2.25,10.222222222222221,EXTREME_HIGH
38122958,23.09999999999996,3.0,7.699999999999986,EXTREME_HIGH
38123403,22.928571428571487,3.0,7.642857142857163,EXTREME_HIGH
38126903,22.928571428571487,4.5,5.095238095238108,EXTREME_HIGH
38126916,22.928571428571487,2.25,10.190476190476216,EXTREME_HIGH
38127099,45.857142857142975,5.25,8.734693877551043,EXTREME_HIGH
38127136,233.63869992441366,40.0,5.840967498110341,EXTREME_HIGH
38127170,22.928571428571487,3.0,7.642857142857163,EXTREME_HIGH
38127273,22.928571428571487,3.0,7.642857142857163,EXTREME_HIGH
38127350,45.857142857142975,4.5,10.190476190476216,EXTREME_HIGH
38127486,160.16709183673456,25.5,6.281062424969982,EXTREME_HIGH
38127489,7.6428571428571255,1.5,5.095238095238083,EXTREME_HIGH
38127538,8.521406250000018,1.5,5.680937500000012,EXTREME_HIGH
38127541,24.174107142857167,3.0,8.058035714285722,EXTREME_HIGH
38127545,30.118622448979668,6.0,5.019770408163278,EXTREME_HIGH
38127584,22.928571428571487,3.75,6.11428571428573,EXTREME_HIGH
38127585,27.717080582232903,3.75,7.39122148859544,EXTREME_HIGH
38127588,27.489107142857193,0.75,36.65214285714293,EXTREME_HIGH
38127601,12.382142857142856,1.5,8.254761904761905,EXTREME_HIGH
38127602,5.732142857142872,1.0,5.732142857142872,EXTREME_HIGH
38127604,41.69387755102043,0.75,55.591836734693906,EXTREME_HIGH
38127608,4.585714285714274,0.75,6.114285714285699,EXTREME_HIGH
38127683,23.339205994898016,3.0,7.779735331632672,EXTREME_HIGH
38127710,83.13157894736858,4.5,18.47368421052635,EXTREME_HIGH
38127741,22.928571428571487,1.5,15.285714285714326,EXTREME_HIGH
38127742,9.171428571428548,1.5,6.114285714285699,EXTREME_HIGH
38127745,9.464285714285715,1.5,6.30952380952381,EXTREME_HIGH
38127746,10.476475155279486,1.5,6.984316770186324,EXTREME_HIGH
38127760,9.080316091954007,0.75,12.107088122605342,EXTREME_HIGH
38127763,10.878571428571398,1.5,7.252380952380932,EXTREME_HIGH
38127773,11.464285714285744,1.5,7.642857142857163,EXTREME_HIGH
38127795,9.464285714285715,1.5,6.30952380952381,EXTREME_HIGH
38127798,10.402455357142838,1.5,6.934970238095225,EXTREME_HIGH
38127801,203.80952380952434,8.0,25.476190476190542,EXTREME_HIGH
38127803,8.695952380952413,1.5,5.797301587301608,EXTREME_HIGH
38127815,9.766895604395613,1.5,6.511263736263742,EXTREME_HIGH
38127817,4.367346938775489,0.75,5.823129251700652,EXTREME_HIGH
38127847,82.04416454081614,3.75,21.87844387755097,EXTREME_HIGH
38127869,10.734782608695614,0.75,14.313043478260818,EXTREME_HIGH
38127874,10.07657142857143,0.75,13.435428571428574,EXTREME_HIGH
38127876,10.402455357142838,0.75,13.86994047619045,EXTREME_HIGH
38127877,9.46031746031746,0.75,12.613756613756614,EXTREME_HIGH
38127880,10.394866071428552,0.75,13.859821428571403,EXTREME_HIGH
38127882,7.769675925925927,0.75,10.35956790123457,EXTREME_HIGH
38127885,9.464285714285714,0.75,12.619047619047619,EXTREME_HIGH
38127893,11.090503246753293,0.75,14.787337662337725,EXTREME_HIGH
38127895,11.090503246753293,0.75,14.787337662337725,EXTREME_HIGH
38127920,966.2499999999985,155.0,6.233870967741926,EXTREME_HIGH
38127930,9.464285714285715,0.75,12.61904761904762,EXTREME_HIGH
38127940,10.080428571428572,0.75,13.44057142857143,EXTREME_HIGH
38127945,10.394866071428552,0.75,13.859821428571403,EXTREME_HIGH
38127947,10.734782608695614,0.75,14.313043478260818,EXTREME_HIGH
38127972,8.698690476190508,0.75,11.598253968254012,EXTREME_HIGH
38127976,10.878571428571398,0.75,14.504761904761864,EXTREME_HIGH
38127979,9.464285714285715,0.75,12.61904761904762,EXTREME_HIGH
38127980,11.090503246753293,0.75,14.787337662337725,EXTREME_HIGH
38127985,5.459183673469408,0.5,10.918367346938815,EXTREME_HIGH
38127989,919.7380952380952,56.0,16.42389455782313,EXTREME_HIGH
38127991,10.385321519912305,0.75,13.847095359883072,EXTREME_HIGH
38127996,11.090503246753293,0.75,14.787337662337725,EXTREME_HIGH
38127998,22.928571428571487,0.75,30.57142857142865,EXTREME_HIGH
38128009,9.464285714285715,0.75,12.61904761904762,EXTREME_HIGH
38128016,9.171428571428548,1.5,6.114285714285699,EXTREME_HIGH
38128022,9.464285714285715,0.75,12.61904761904762,EXTREME_HIGH
38128023,9.464285714285715,0.75,12.61904761904762,EXTREME_HIGH
38128041,10.624236058059614,0.75,14.165648077412818,EXTREME_HIGH
38128044,10.624236058059614,0.75,14.165648077412818,EXTREME_HIGH
38128056,9.464285714285715,0.75,12.61904761904762,EXTREME_HIGH
38128078,10.394866071428552,0.75,13.859821428571403,EXTREME_HIGH
38128082,13.08270676691732,0.75,17.443609022556426,EXTREME_HIGH
38128152,78.93255739795916,3.0,26.310852465986386,EXTREME_HIGH
38128158,57.329904761904544,3.3,17.372698412698348,EXTREME_HIGH
38128170,24.589285714285747,0.75,32.78571428571433,EXTREME_HIGH
38104082,303.9923469387749,21.0,14.475826044703567,EXTREME_HIGH
38114275,22.928571428571487,2.25,10.190476190476216,EXTREME_HIGH
38114325,22.928571428571487,3.75,6.11428571428573,EXTREME_HIGH
38114329,22.928571428571487,4.5,5.095238095238108,EXTREME_HIGH
38114701,57.316071428571554,10.5,5.458673469387767,EXTREME_HIGH
38121622,22.928571428571487,4.5,5.095238095238108,EXTREME_HIGH
38121731,45.857142857142975,9.0,5.095238095238108,EXTREME_HIGH
38121974,160.5,3.0,53.5,EXTREME_HIGH
38122132,22.928571428571487,3.75,6.11428571428573,EXTREME_HIGH
38122284,22.928571428571487,3.0,7.642857142857163,EXTREME_HIGH
38122362,91.71428571428595,18.0,5.095238095238108,EXTREME_HIGH
38122402,22.928571428571487,4.5,5.095238095238108,EXTREME_HIGH
38126666,22.928571428571487,0.75,30.57142857142865,EXTREME_HIGH
38126729,9.717857142857127,1.5,6.478571428571418,EXTREME_HIGH
38127215,68.78571428571412,9.0,7.642857142857125,EXTREME_HIGH
38128181,17.65816326530609,0.75,23.544217687074788,EXTREME_HIGH
38128182,24.589285714285747,0.75,32.78571428571433,EXTREME_HIGH
38102196,33.62857142857154,3.3000000000000003,10.190476190476224,EXTREME_HIGH
38115728,22.928571428571487,1.5,15.285714285714326,EXTREME_HIGH
38115835,91.71428571428595,16.5,5.558441558441572,EXTREME_HIGH
38115936,24.83928571428562,1.5,16.559523809523746,EXTREME_HIGH
38115994,8.698690476190508,1.5,5.799126984127006,EXTREME_HIGH
38120322,45.857142857142975,6.0,7.642857142857163,EXTREME_HIGH
38120463,22.928571428571487,3.0,7.642857142857163,EXTREME_HIGH
38120517,22.928571428571487,3.75,6.11428571428573,EXTREME_HIGH
38121015,22.928571428571487,2.25,10.190476190476216,EXTREME_HIGH
38121017,244.57142857142802,48.0,5.095238095238083,EXTREME_HIGH
38121290,3.0571428571428485,0.5,6.114285714285697,EXTREME_HIGH
38121147,22.928571428571487,3.75,6.11428571428573,EXTREME_HIGH
38105570,22.928571428571487,0.75,30.57142857142865,EXTREME_HIGH
38115352,22.928571428571487,3.0,7.642857142857163,EXTREME_HIGH
38119542,1.8342857142857236,0.24,7.642857142857182,EXTREME_HIGH
38119941,17.19642857142853,2.25,7.642857142857125,EXTREME_HIGH
38119965,13.748214285714246,1.85,7.43146718146716,EXTREME_HIGH
38120010,19.489285714285696,3.75,5.197142857142852,EXTREME_HIGH
38120131,68.78571428571412,8.25,8.337662337662318,EXTREME_HIGH
38120234,22.928571428571487,4.5,5.095238095238108,EXTREME_HIGH
38124112,12.050865800865806,1.5,8.033910533910538,EXTREME_HIGH
38124239,34.39285714285706,3.0,11.464285714285687,EXTREME_HIGH
38124321,45.857142857142975,7.5,6.11428571428573,EXTREME_HIGH
38124400,22.928571428571487,3.75,6.11428571428573,EXTREME_HIGH
38124443,22.928571428571487,0.75,30.57142857142865,EXTREME_HIGH
38124593,68.78571428571412,3.75,18.3428571428571,EXTREME_HIGH
38124647,22.928571428571487,2.25,10.190476190476216,EXTREME_HIGH
38110962,272.41601731601736,42.75,6.372304498620289,EXTREME_HIGH
38111090,135.0238095238093,15.0,9.001587301587286,EXTREME_HIGH
38111367,47.56874999999997,6.0,7.928124999999995,EXTREME_HIGH
38117006,47.32040816326534,357.75,0.13227227998117497,EXTREME_LOW
38112256,244.57142857142802,32.0,7.6428571428571255,EXTREME_HIGH
38115127,45.857142857142975,3.0,15.285714285714326,EXTREME_HIGH
38115130,22.928571428571487,0.75,30.57142857142865,EXTREME_HIGH
38115259,22.928571428571487,0.75,30.57142857142865,EXTREME_HIGH
38119510,22.928571428571487,1.5,15.285714285714326,EXTREME_HIGH
38119620,57.32142857142882,10.5,5.459183673469411,EXTREME_HIGH
38119679,30.999999999999957,1.0,30.999999999999957,EXTREME_HIGH
38119815,22.928571428571487,2.25,10.190476190476216,EXTREME_HIGH
38119961,22.928571428571487,4.5,5.095238095238108,EXTREME_HIGH
38120020,25.0242134353741,4.5,5.560936318972022,EXTREME_HIGH
38120221,22.928571428571487,0.75,30.57142857142865,EXTREME_HIGH
38124232,45.857142857142975,5.25,8.734693877551043,EXTREME_HIGH
38124313,9.171428571428548,1.5,6.114285714285699,EXTREME_HIGH
38124335,7.6428571428571255,1.5,5.095238095238083,EXTREME_HIGH
38124344,22.928571428571487,3.0,7.642857142857163,EXTREME_HIGH
38124348,22.928571428571487,2.25,10.190476190476216,EXTREME_HIGH
38124483,7.6428571428571255,1.5,5.095238095238083,EXTREME_HIGH
38111030,46.739010989010936,3.0,15.579670329670313,EXTREME_HIGH
38101861,22.928571428571487,3.0,7.642857142857163,EXTREME_HIGH
38106502,45.857142857142975,8.25,5.558441558441572,EXTREME_HIGH
38110649,26.808620689655093,5.25,5.106403940886684,EXTREME_HIGH
38110884,171.96428571428527,15.0,11.464285714285685,EXTREME_HIGH
38116700,186.24111866969065,32.0,5.820034958427833,EXTREME_HIGH
38108264,22.928571428571487,4.5,5.095238095238108,EXTREME_HIGH
38110237,22.928571428571487,3.2,7.16517857142859,EXTREME_HIGH
38117113,91.71428571428595,10.5,8.734693877551043,EXTREME_HIGH
38117198,22.928571428571487,4.5,5.095238095238108,EXTREME_HIGH
38117217,45.857142857142975,9.0,5.095238095238108,EXTREME_HIGH
38117450,49.74107142857133,9.0,5.526785714285704,EXTREME_HIGH
38117457,49.74107142857133,9.0,5.526785714285704,EXTREME_HIGH
38117809,25.15277777777771,1.5,16.768518518518473,EXTREME_HIGH
38117887,22.928571428571487,3.0,7.642857142857163,EXTREME_HIGH
38100306,68.78571428571412,10.5,6.551020408163249,EXTREME_HIGH
38102619,22.928571428571487,3.75,6.11428571428573,EXTREME_HIGH
38113020,51.58928571428579,8.25,6.253246753246763,EXTREME_HIGH
38113153,22.928571428571487,0.75,30.57142857142865,EXTREME_HIGH
38113161,22.928571428571487,2.25,10.190476190476216,EXTREME_HIGH
38123770,178.00575396825403,18.75,9.493640211640214,EXTREME_HIGH
38118171,45.857142857142975,3.0,15.285714285714326,EXTREME_HIGH
38113868,22.928571428571487,4.5,5.095238095238108,EXTREME_HIGH
38113985,134.51428571428616,26.4,5.095238095238113,EXTREME_HIGH
38118097,9.171428571428548,1.5,6.114285714285699,EXTREME_HIGH
38118477,45.857142857142975,8.25,5.558441558441572,EXTREME_HIGH
38118733,22.928571428571487,3.75,6.11428571428573,EXTREME_HIGH
38122572,22.928571428571487,4.5,5.095238095238108,EXTREME_HIGH
38122596,22.928571428571487,4.5,5.095238095238108,EXTREME_HIGH
38122641,22.928571428571487,3.75,6.11428571428573,EXTREME_HIGH
38122722,36.68571428571419,5.25,6.987755102040798,EXTREME_HIGH
38122815,45.857142857142975,4.5,10.190476190476216,EXTREME_HIGH
38122839,22.928571428571487,4.5,5.095238095238108,EXTREME_HIGH
38123042,45.857142857142975,6.75,6.793650793650811,EXTREME_HIGH
38123399,22.928571428571487,2.25,10.190476190476216,EXTREME_HIGH
38126789,68.78571428571412,6.75,10.190476190476167,EXTREME_HIGH
38126941,45.857142857142975,8.25,5.558441558441572,EXTREME_HIGH
38127032,22.928571428571487,3.75,6.11428571428573,EXTREME_HIGH
38127081,275.1428571428565,54.74,5.0263583694347185,EXTREME_HIGH
38127398,22.928571428571487,1.5,15.285714285714326,EXTREME_HIGH
38127406,18.09757653061229,2.25,8.043367346938796,EXTREME_HIGH
38127600,22.928571428571487,0.75,30.57142857142865,EXTREME_HIGH
38127634,12.41964285714281,2.25,5.5198412698412485,EXTREME_HIGH
38127677,7.6428571428571255,1.5,5.095238095238083,EXTREME_HIGH
38127701,9.26881377551019,1.5,6.17920918367346,EXTREME_HIGH
38127708,8.695952380952413,1.5,5.797301587301608,EXTREME_HIGH
38127718,25.195551658163303,3.0,8.398517219387768,EXTREME_HIGH
38127723,39.08285714285712,6.0,6.51380952380952,EXTREME_HIGH
38127739,10.734782608695612,0.75,14.313043478260816,EXTREME_HIGH
38127750,1006.7750000000007,151.80000000000004,6.6322463768115965,EXTREME_HIGH
38127756,8.698690476190508,0.75,11.598253968254012,EXTREME_HIGH
38127762,10.734782608695614,0.75,14.313043478260818,EXTREME_HIGH
38127772,9.464285714285715,1.5,6.30952380952381,EXTREME_HIGH
38127779,10.394866071428552,0.75,13.859821428571403,EXTREME_HIGH
38127782,10.476475155279486,1.5,6.984316770186324,EXTREME_HIGH
38127783,9.464285714285715,0.75,12.61904761904762,EXTREME_HIGH
38127788,10.394866071428552,0.75,13.859821428571403,EXTREME_HIGH
38127791,9.464285714285715,0.75,12.61904761904762,EXTREME_HIGH
38127796,9.464285714285715,0.75,12.61904761904762,EXTREME_HIGH
38127808,10.734782608695614,1.5,7.156521739130409,EXTREME_HIGH
38127822,45.857142857142975,3.75,12.22857142857146,EXTREME_HIGH
38127823,57.53147321428554,8.8,6.537667410714265,EXTREME_HIGH
38127837,11.464285714285744,0.75,15.285714285714326,EXTREME_HIGH
38127839,239.46887755101955,24.200000000000003,9.89540816326527,EXTREME_HIGH
38127859,13.08270676691732,0.75,17.443609022556426,EXTREME_HIGH
38127862,10.734782608695614,0.75,14.313043478260818,EXTREME_HIGH
38127864,7.769675925925927,0.75,10.35956790123457,EXTREME_HIGH
38127872,7.769675925925927,0.75,10.35956790123457,EXTREME_HIGH
38127923,9.464285714285715,0.75,12.61904761904762,EXTREME_HIGH
38127928,10.402455357142838,0.75,13.86994047619045,EXTREME_HIGH
38127941,8.701428571428604,1.5,5.800952380952403,EXTREME_HIGH
38127948,10.734782608695614,0.75,14.313043478260818,EXTREME_HIGH
38127957,9.171428571428548,0.75,12.228571428571398,EXTREME_HIGH
38127962,99.48124999999983,9.899999999999999,10.048611111111095,EXTREME_HIGH
38127964,10.734782608695614,0.75,14.313043478260818,EXTREME_HIGH
38127973,9.766895604395613,0.75,13.022527472527484,EXTREME_HIGH
38127983,4.367346938775489,0.5,8.734693877550978,EXTREME_HIGH
38128005,13.995290423861842,1.5,9.330193615907895,EXTREME_HIGH
38128008,21.616666666666738,1.5,14.41111111111116,EXTREME_HIGH
38128025,8.47603686635944,0.75,11.301382488479254,EXTREME_HIGH
38128033,11.090503246753293,0.75,14.787337662337725,EXTREME_HIGH
38128039,9.171428571428548,0.75,12.228571428571398,EXTREME_HIGH
38128050,10.402455357142838,0.75,13.86994047619045,EXTREME_HIGH
38128051,11.090503246753293,0.75,14.787337662337725,EXTREME_HIGH
38128053,8.701428571428604,0.75,11.601904761904805,EXTREME_HIGH
38128073,51.53683035714287,2.25,22.90525793650794,EXTREME_HIGH
38128085,9.171428571428548,0.75,12.228571428571398,EXTREME_HIGH
38128101,9.717857142857127,1.5,6.478571428571418,EXTREME_HIGH
38128141,134.11872165532907,5.5,24.38522211915074,EXTREME_HIGH
38128147,8.698690476190508,0.75,11.598253968254012,EXTREME_HIGH
38128165,21.491709183673482,0.75,28.655612244897977,EXTREME_HIGH
38128166,21.491709183673482,0.75,28.655612244897977,EXTREME_HIGH
38104152,68.78571428571412,492.25,0.13973735761445225,EXTREME_LOW
38107886,23.09999999999996,3.0,7.699999999999986,EXTREME_HIGH
38107951,22.928571428571487,4.5,5.095238095238108,EXTREME_HIGH
38109809,112.48375850340128,21.75,5.171667057627645,EXTREME_HIGH
38114058,22.928571428571487,3.75,6.11428571428573,EXTREME_HIGH
38121455,4.367346938775489,28.269999999999985,0.1544869805014323,EXTREME_LOW
38121973,68.78571428571412,2.25,30.5714285714285,EXTREME_HIGH
38122029,107.18801020408173,5.25,20.41676384839652,EXTREME_HIGH
38122304,84.70711628401357,15.0,5.6471410856009046,EXTREME_HIGH
38122379,49.50765306122456,8.25,6.000927643784795,EXTREME_HIGH
38122394,29.153571428571357,3.0,9.717857142857119,EXTREME_HIGH
38122513,68.78571428571412,11.25,6.1142857142857,EXTREME_HIGH
38126506,13.036607142857179,2.25,5.794047619047635,EXTREME_HIGH
38126650,68.78571428571412,11.25,6.1142857142857,EXTREME_HIGH
38126748,23.25,1.5,15.5,EXTREME_HIGH
38127440,46.68582589285716,5.25,8.892538265306126,EXTREME_HIGH
38127441,895.2472222222232,139.70000000000005,6.408355205599305,EXTREME_HIGH
38128187,21.491709183673482,0.75,28.655612244897977,EXTREME_HIGH
38115732,68.78571428571412,10.5,6.551020408163249,EXTREME_HIGH
38115925,25.00446428571433,1.5,16.669642857142886,EXTREME_HIGH
38120349,131.99873908373416,8.0,16.49984238546677,EXTREME_HIGH
38120499,22.928571428571487,4.5,5.095238095238108,EXTREME_HIGH
38121083,45.857142857142975,6.0,7.642857142857163,EXTREME_HIGH
38107502,22.928571428571487,3.75,6.11428571428573,EXTREME_HIGH
38115223,22.928571428571487,3.0,7.642857142857163,EXTREME_HIGH
38115598,45.857142857142975,9.0,5.095238095238108,EXTREME_HIGH
38119781,22.928571428571487,1.5,15.285714285714326,EXTREME_HIGH
38119892,22.928571428571487,4.5,5.095238095238108,EXTREME_HIGH
38124076,23.25,4.5,5.166666666666667,EXTREME_HIGH
38124201,45.857142857142975,8.25,5.558441558441572,EXTREME_HIGH
38124499,22.928571428571487,1.5,15.285714285714326,EXTREME_HIGH
38101549,22.928571428571487,2.25,10.190476190476216,EXTREME_HIGH
38101624,53.5,346.5,0.1544011544011544,EXTREME_LOW
38103379,22.928571428571487,0.75,30.57142857142865,EXTREME_HIGH
38103406,66.44732142857131,9.0,7.383035714285701,EXTREME_HIGH
38106506,22.928571428571487,4.5,5.095238095238108,EXTREME_HIGH
38110625,69.75,10.5,6.642857142857143,EXTREME_HIGH
38110958,38.21428571428566,3.0,12.73809523809522,EXTREME_HIGH
38111138,91.71428571428595,4.5,20.380952380952433,EXTREME_HIGH
38116464,22.928571428571487,2.25,10.190476190476216,EXTREME_HIGH
38116554,22.928571428571487,4.5,5.095238095238108,EXTREME_HIGH
38117030,22.928571428571487,2.25,10.190476190476216,EXTREME_HIGH
38117037,91.71428571428595,18.0,5.095238095238108,EXTREME_HIGH
38111764,244.57142857142802,40.0,6.114285714285701,EXTREME_HIGH
38117608,22.928571428571487,0.75,30.57142857142865,EXTREME_HIGH
38117825,22.928571428571487,4.5,5.095238095238108,EXTREME_HIGH
38100198,51.58928571428579,9.0,5.732142857142866,EXTREME_HIGH
38103281,68.78571428571412,13.5,5.095238095238083,EXTREME_HIGH
38106249,49.96517857142851,251.19999999999973,0.1989059656505914,EXTREME_LOW
38106446,17.637362637362628,1.5,11.758241758241752,EXTREME_HIGH
38112924,244.57142857142802,16.0,15.285714285714251,EXTREME_HIGH
38113035,7.6428571428571255,0.75,10.190476190476167,EXTREME_HIGH
38101378,244.57142857142802,48.0,5.095238095238083,EXTREME_HIGH
38113521,33.62857142857154,2.2,15.285714285714334,EXTREME_HIGH
38113773,91.71428571428595,6.0,15.285714285714326,EXTREME_HIGH
38113855,22.928571428571487,4.5,5.095238095238108,EXTREME_HIGH
38113968,22.928571428571487,4.5,5.095238095238108,EXTREME_HIGH
38118120,45.857142857142975,5.25,8.734693877551043,EXTREME_HIGH
38118125,22.928571428571487,3.0,7.642857142857163,EXTREME_HIGH
38118433,49.178571428571495,9.75,5.043956043956051,EXTREME_HIGH
38118695,114.64285714285764,0.75,152.85714285714351,EXTREME_HIGH
38122560,22.928571428571487,4.5,5.095238095238108,EXTREME_HIGH
38122645,22.928571428571487,4.5,5.095238095238108,EXTREME_HIGH
38122739,45.857142857142975,6.75,6.793650793650811,EXTREME_HIGH
38122740,22.928571428571487,3.0,7.642857142857163,EXTREME_HIGH
38123073,22.928571428571487,4.5,5.095238095238108,EXTREME_HIGH
38127089,22.928571428571487,4.5,5.095238095238108,EXTREME_HIGH
38127158,15.545758928571432,3.0,5.181919642857144,EXTREME_HIGH
38127275,52.91208791208778,10.5,5.039246467817883,EXTREME_HIGH
38127435,9.826530612244934,1.75,5.615160349854248,EXTREME_HIGH
38127547,17.34183673469387,2.25,7.707482993197276,EXTREME_HIGH
38127552,235.7368622448981,7.5,31.43158163265308,EXTREME_HIGH
38127670,10.508928571428573,2.0,5.2544642857142865,EXTREME_HIGH
38127675,7.6428571428571255,1.0,7.6428571428571255,EXTREME_HIGH
38127688,22.928571428571487,1.5,15.285714285714326,EXTREME_HIGH
38127728,178.9332837301588,4.4,40.6666553932179,EXTREME_HIGH
38127744,9.464285714285715,1.5,6.30952380952381,EXTREME_HIGH
38127765,9.464285714285715,1.5,6.30952380952381,EXTREME_HIGH
38127785,9.464285714285714,1.5,6.309523809523809,EXTREME_HIGH
38127790,8.698690476190508,0.75,11.598253968254012,EXTREME_HIGH
38127816,512.583333333334,96.0,5.339409722222229,EXTREME_HIGH
38127825,12.198979591836741,1.5,8.132653061224493,EXTREME_HIGH
38127827,96.71875,10.5,9.211309523809524,EXTREME_HIGH
38127830,192.73772321428618,18.75,10.279345238095262,EXTREME_HIGH
38127841,22.928571428571487,0.75,30.57142857142865,EXTREME_HIGH
38127866,10.734782608695614,0.75,14.313043478260818,EXTREME_HIGH
38127870,9.464285714285715,1.5,6.30952380952381,EXTREME_HIGH
38127886,8.04891774891776,0.75,10.731890331890346,EXTREME_HIGH
38127890,10.734782608695614,0.75,14.313043478260818,EXTREME_HIGH
38127939,8.701428571428604,1.5,5.800952380952403,EXTREME_HIGH
38127966,10.226558190843905,0.75,13.635410921125207,EXTREME_HIGH
38127969,9.464285714285715,1.5,6.30952380952381,EXTREME_HIGH
38127981,10.878571428571398,0.75,14.504761904761864,EXTREME_HIGH
38127994,9.766895604395613,0.75,13.022527472527484,EXTREME_HIGH
38127997,26.16541353383464,1.5,17.443609022556426,EXTREME_HIGH
38128010,9.464285714285715,0.75,12.61904761904762,EXTREME_HIGH
38128012,22.928571428571487,0.75,30.57142857142865,EXTREME_HIGH
38128015,9.464285714285715,0.75,12.61904761904762,EXTREME_HIGH
38128017,13.08270676691732,0.75,17.443609022556426,EXTREME_HIGH
38128018,10.734782608695614,0.75,14.313043478260818,EXTREME_HIGH
38128030,9.464285714285715,0.75,12.61904761904762,EXTREME_HIGH
38128034,9.464285714285715,0.75,12.61904761904762,EXTREME_HIGH
38128035,7.310121345835625,0.75,9.746828461114166,EXTREME_HIGH
38128047,13.08270676691732,0.75,17.443609022556426,EXTREME_HIGH
38128083,8.929310344827613,0.75,11.905747126436816,EXTREME_HIGH
38128086,9.464285714285715,0.75,12.61904761904762,EXTREME_HIGH
38128129,257.5841269841273,8.0,32.19801587301591,EXTREME_HIGH
38128164,21.491709183673482,0.75,28.655612244897977,EXTREME_HIGH
38128173,24.589285714285747,0.75,32.78571428571433,EXTREME_HIGH
38109817,45.857142857142975,8.25,5.558441558441572,EXTREME_HIGH
38114692,45.857142857142975,6.75,6.793650793650811,EXTREME_HIGH
38114757,22.928571428571487,2.25,10.190476190476216,EXTREME_HIGH
38118851,22.928571428571487,2.25,10.190476190476216,EXTREME_HIGH
38118949,22.928571428571487,3.0,7.642857142857163,EXTREME_HIGH
38119011,489.14285714285603,16.0,30.571428571428502,EXTREME_HIGH
38119199,45.857142857142975,6.0,7.642857142857163,EXTREME_HIGH
38119415,33.68891025641025,5.5,6.1252564102564095,EXTREME_HIGH
38119494,22.928571428571487,3.75,6.11428571428573,EXTREME_HIGH
38121605,22.928571428571487,4.5,5.095238095238108,EXTREME_HIGH
38121669,183.4285714285719,7.0,26.20408163265313,EXTREME_HIGH
38121971,45.857142857142975,3.75,12.22857142857146,EXTREME_HIGH
38122139,22.928571428571487,4.5,5.095238095238108,EXTREME_HIGH
38122162,91.71428571428595,9.75,9.40659340659343,EXTREME_HIGH
38122521,22.928571428571487,3.75,6.11428571428573,EXTREME_HIGH
38126712,12.382142857142856,1.5,8.254761904761905,EXTREME_HIGH
38127337,849.8938775510201,96.0,8.853061224489792,EXTREME_HIGH
38127449,10.072714285714287,1.5,6.715142857142858,EXTREME_HIGH
38128184,21.491709183673482,0.75,28.655612244897977,EXTREME_HIGH
38128502,244.57142857142802,0.1,2445.71428571428,EXTREME_HIGH
38115634,22.928571428571487,2.25,10.190476190476216,EXTREME_HIGH
38115652,22.928571428571487,2.25,10.190476190476216,EXTREME_HIGH
38115686,152.41078869047644,12.0,12.700899057539702,EXTREME_HIGH
38115726,115.5,6.0,19.25,EXTREME_HIGH
38116123,45.857142857142975,9.0,5.095238095238108,EXTREME_HIGH
38116210,244.57142857142802,16.0,15.285714285714251,EXTREME_HIGH
38120354,22.928571428571487,4.5,5.095238095238108,EXTREME_HIGH
38120412,22.928571428571487,4.5,5.095238095238108,EXTREME_HIGH
38120534,44.9609375,3.75,11.989583333333334,EXTREME_HIGH
38120561,45.857142857142975,5.25,8.734693877551043,EXTREME_HIGH
38121176,22.928571428571487,1.5,15.285714285714326,EXTREME_HIGH
38105956,68.78571428571412,8.25,8.337662337662318,EXTREME_HIGH
38109966,45.857142857142975,8.25,5.558441558441572,EXTREME_HIGH
38110119,22.928571428571487,4.5,5.095238095238108,EXTREME_HIGH
38117129,22.928571428571487,2.25,10.190476190476216,EXTREME_HIGH
38117303,22.928571428571487,3.0,7.642857142857163,EXTREME_HIGH
38117782,63.05357142857114,10.9,5.784731323722123,EXTREME_HIGH
38117933,178.1036414565831,5.25,33.924503134587255,EXTREME_HIGH
38103317,33.62857142857154,4.4,7.642857142857167,EXTREME_HIGH
38113025,22.928571428571487,0.75,30.57142857142865,EXTREME_HIGH
38101395,24.74542410714289,638.7600000000001,0.03873978349793802,EXTREME_LOW
38106899,34.100000000000016,257.39999999999924,0.13247863247863292,EXTREME_LOW
38113987,22.928571428571487,3.75,6.11428571428573,EXTREME_HIGH
38118349,68.78571428571412,4.5,15.28571428571425,EXTREME_HIGH
38118390,22.928571428571487,2.25,10.190476190476216,EXTREME_HIGH
38118549,22.928571428571487,3.75,6.11428571428573,EXTREME_HIGH
38122805,33.62857142857154,3.3000000000000003,10.190476190476224,EXTREME_HIGH
38122864,22.928571428571487,3.75,6.11428571428573,EXTREME_HIGH
38123000,22.928571428571487,3.0,7.642857142857163,EXTREME_HIGH
38123092,22.928571428571487,0.75,30.57142857142865,EXTREME_HIGH
38126888,34.100000000000016,6.6,5.16666666666667,EXTREME_HIGH
38126950,33.62857142857154,5.5,6.114285714285734,EXTREME_HIGH
38126962,51.89349489795918,6.75,7.687925170068026,EXTREME_HIGH
38127410,123.6825396825399,8.0,15.460317460317487,EXTREME_HIGH
38127415,22.928571428571487,3.0,7.642857142857163,EXTREME_HIGH
38127487,22.928571428571487,2.25,10.190476190476216,EXTREME_HIGH
38127500,193.51581632652992,30.299999999999997,6.3866606048359715,EXTREME_HIGH
38127537,53.38078231292532,7.5,7.117437641723376,EXTREME_HIGH
38127578,13.836734693877546,2.25,6.149659863945576,EXTREME_HIGH
38127630,10.508928571428573,2.0,5.2544642857142865,EXTREME_HIGH
38127655,11.464285714285744,2.0,5.732142857142872,EXTREME_HIGH
38127659,11.464285714285744,2.0,5.732142857142872,EXTREME_HIGH
38127681,12.228571428571394,1.75,6.987755102040796,EXTREME_HIGH
38127693,6.551020408163285,0.75,8.734693877551047,EXTREME_HIGH
38127695,82.81245094191527,5.25,15.773800179412433,EXTREME_HIGH
38127730,8.22569444444442,0.75,10.96759259259256,EXTREME_HIGH
38127732,16.367307692307644,1.5,10.911538461538429,EXTREME_HIGH
38127733,16.367307692307644,1.5,10.911538461538429,EXTREME_HIGH
38127751,21.616666666666738,1.5,14.41111111111116,EXTREME_HIGH
38127759,11.462599900099937,1.5,7.641733266733291,EXTREME_HIGH
38127764,9.171428571428548,1.5,6.114285714285699,EXTREME_HIGH
38127770,9.464285714285715,1.5,6.30952380952381,EXTREME_HIGH
38127771,9.171428571428548,1.5,6.114285714285699,EXTREME_HIGH
38127775,11.464285714285744,1.5,7.642857142857163,EXTREME_HIGH
38127780,9.464285714285715,1.5,6.30952380952381,EXTREME_HIGH
38127786,8.698690476190508,0.75,11.598253968254012,EXTREME_HIGH
38127789,10.394866071428552,0.75,13.859821428571403,EXTREME_HIGH
38127792,9.080316091954007,0.75,12.107088122605342,EXTREME_HIGH
38127794,10.394866071428552,0.75,13.859821428571403,EXTREME_HIGH
38127812,9.766895604395613,1.5,6.511263736263742,EXTREME_HIGH
38127828,9.845000000000033,0.75,13.12666666666671,EXTREME_HIGH
38127835,26.85206043956049,4.5,5.967124542124553,EXTREME_HIGH
38127836,26.85206043956049,4.5,5.967124542124553,EXTREME_HIGH
38127838,38.21428571428566,5.25,7.278911564625839,EXTREME_HIGH
38127850,72.01020408163274,3.75,19.202721088435396,EXTREME_HIGH
38127855,21.59103954081635,0.75,28.788052721088466,EXTREME_HIGH
38127865,7.310121345835625,0.75,9.746828461114166,EXTREME_HIGH
38127884,9.464285714285715,1.5,6.30952380952381,EXTREME_HIGH
38127887,9.080316091954007,0.75,12.107088122605342,EXTREME_HIGH
38127888,9.080316091954007,0.75,12.107088122605342,EXTREME_HIGH
38127891,9.464285714285715,0.75,12.61904761904762,EXTREME_HIGH
38127927,10.402455357142838,0.75,13.86994047619045,EXTREME_HIGH
38127938,8.701428571428604,1.5,5.800952380952403,EXTREME_HIGH
38127946,9.464285714285715,0.75,12.61904761904762,EXTREME_HIGH
38127953,21.616666666666738,1.5,14.41111111111116,EXTREME_HIGH
38127954,21.616666666666738,1.5,14.41111111111116,EXTREME_HIGH
38127958,9.464285714285715,1.5,6.30952380952381,EXTREME_HIGH
38127959,9.464285714285715,1.5,6.30952380952381,EXTREME_HIGH
38127960,10.878571428571398,0.75,14.504761904761864,EXTREME_HIGH
38127963,10.394866071428552,0.75,13.859821428571403,EXTREME_HIGH
38127970,9.080316091954007,0.75,12.107088122605342,EXTREME_HIGH
38127978,9.464285714285715,1.5,6.30952380952381,EXTREME_HIGH
38127992,9.464285714285715,0.75,12.61904761904762,EXTREME_HIGH
38127993,9.171428571428548,1.5,6.114285714285699,EXTREME_HIGH
38127999,9.171428571428548,0.75,12.228571428571398,EXTREME_HIGH
38128028,9.171428571428548,0.75,12.228571428571398,EXTREME_HIGH
38128036,8.698690476190508,0.75,11.598253968254012,EXTREME_HIGH
38128060,21.616666666666738,0.75,28.82222222222232,EXTREME_HIGH
38128148,33.27594600340143,0.75,44.36792800453524,EXTREME_HIGH
38128168,17.65816326530609,0.75,23.544217687074788,EXTREME_HIGH
38100771,114.64285714285764,20.25,5.661375661375685,EXTREME_HIGH
38100810,23.09999999999996,2.25,10.266666666666648,EXTREME_HIGH
38104083,64.96428571428586,10.5,6.187074829931987,EXTREME_HIGH
38104229,23.09999999999996,4.5,5.133333333333324,EXTREME_HIGH
38114447,22.928571428571487,3.0,7.642857142857163,EXTREME_HIGH
38118979,22.928571428571487,3.75,6.11428571428573,EXTREME_HIGH
38121476,57.24499999999974,6.42,8.916666666666627,EXTREME_HIGH
38121571,22.928571428571487,4.5,5.095238095238108,EXTREME_HIGH
38121628,45.857142857142975,5.25,8.734693877551043,EXTREME_HIGH
38121732,22.928571428571487,3.0,7.642857142857163,EXTREME_HIGH
38121881,22.928571428571487,1.5,15.285714285714326,EXTREME_HIGH
38121972,68.78571428571412,3.75,18.3428571428571,EXTREME_HIGH
38122000,22.928571428571487,2.25,10.190476190476216,EXTREME_HIGH
38122143,22.928571428571487,0.75,30.57142857142865,EXTREME_HIGH
38122520,75.4978741496598,14.3,5.279571618857328,EXTREME_HIGH
38126339,22.928571428571487,3.75,6.11428571428573,EXTREME_HIGH
38126528,23.25,4.5,5.166666666666667,EXTREME_HIGH
38127296,17.19642857142853,2.25,7.642857142857125,EXTREME_HIGH
38128183,21.491709183673482,0.75,28.655612244897977,EXTREME_HIGH
38128186,21.491709183673482,0.75,28.655612244897977,EXTREME_HIGH
38128188,24.589285714285747,0.75,32.78571428571433,EXTREME_HIGH
38128192,31.43251391465674,1.5,20.955009276437828,EXTREME_HIGH
38102335,22.928571428571487,3.75,6.11428571428573,EXTREME_HIGH
38103695,45.857142857142975,5.25,8.734693877551043,EXTREME_HIGH
38115664,45.857142857142975,4.5,10.190476190476216,EXTREME_HIGH
38115845,74.51785714285721,13.5,5.519841269841275,EXTREME_HIGH
38115904,22.928571428571487,1.5,15.285714285714326,EXTREME_HIGH
38115932,22.928571428571487,3.0,7.642857142857163,EXTREME_HIGH
38120569,22.928571428571487,3.0,7.642857142857163,EXTREME_HIGH
38121093,22.928571428571487,3.75,6.11428571428573,EXTREME_HIGH
38105599,12.758079365079327,1.1,11.598253968253934,EXTREME_HIGH
38107577,252.21428571428456,24.75,10.190476190476144,EXTREME_HIGH
38114969,22.928571428571487,3.0,7.642857142857163,EXTREME_HIGH
38115153,13.034151785714322,1.5,8.689434523809547,EXTREME_HIGH
38115158,114.64285714285764,2.25,50.95238095238117,EXTREME_HIGH
38115217,8.257812500000009,0.75,11.010416666666679,EXTREME_HIGH
38115243,22.928571428571487,3.0,7.642857142857163,EXTREME_HIGH
38115250,22.928571428571487,3.75,6.11428571428573,EXTREME_HIGH
38115556,22.928571428571487,4.5,5.095238095238108,EXTREME_HIGH
38119505,22.928571428571487,3.0,7.642857142857163,EXTREME_HIGH
38119518,22.928571428571487,3.75,6.11428571428573,EXTREME_HIGH
38119769,22.928571428571487,4.5,5.095238095238108,EXTREME_HIGH
38120214,22.928571428571487,4.5,5.095238095238108,EXTREME_HIGH
38120269,22.928571428571487,4.5,5.095238095238108,EXTREME_HIGH
38124018,22.928571428571487,3.0,7.642857142857163,EXTREME_HIGH
38124384,22.928571428571487,3.75,6.11428571428573,EXTREME_HIGH
38124468,22.928571428571487,2.25,10.190476190476216,EXTREME_HIGH
38124506,45.857142857142975,1.5,30.57142857142865,EXTREME_HIGH
38111028,114.64285714285764,6.0,19.10714285714294,EXTREME_HIGH
38110873,18.01874999999994,2.25,8.008333333333306,EXTREME_HIGH
38110959,22.928571428571487,3.0,7.642857142857163,EXTREME_HIGH
38107585,45.857142857142975,9.0,5.095238095238108,EXTREME_HIGH
38107588,22.928571428571487,4.5,5.095238095238108,EXTREME_HIGH
38111984,22.928571428571487,3.75,6.11428571428573,EXTREME_HIGH
38115235,123.81428571428509,20.25,6.114285714285684,EXTREME_HIGH
38119591,23.569999999999997,3.0,7.856666666666666,EXTREME_HIGH
38119881,45.857142857142975,9.0,5.095238095238108,EXTREME_HIGH
38119944,68.78571428571412,12.0,5.732142857142843,EXTREME_HIGH
38120207,22.928571428571487,1.5,15.285714285714326,EXTREME_HIGH
38120215,22.928571428571487,3.75,6.11428571428573,EXTREME_HIGH
38124185,68.78571428571412,3.0,22.928571428571374,EXTREME_HIGH
38124238,23.0,4.5,5.111111111111111,EXTREME_HIGH
38124240,22.928571428571487,3.75,6.11428571428573,EXTREME_HIGH
38124336,22.928571428571487,3.0,7.642857142857163,EXTREME_HIGH
38124402,22.928571428571487,2.25,10.190476190476216,EXTREME_HIGH
38124457,46.5,6.0,7.75,EXTREME_HIGH
38101742,23.25,4.5,5.166666666666667,EXTREME_HIGH
38116519,22.928571428571487,2.25,10.190476190476216,EXTREME_HIGH
38116752,45.857142857142975,3.75,12.22857142857146,EXTREME_HIGH
38116753,22.928571428571487,3.0,7.642857142857163,EXTREME_HIGH
38116770,22.928571428571487,1.5,15.285714285714326,EXTREME_HIGH
38117031,22.928571428571487,4.5,5.095238095238108,EXTREME_HIGH
38109974,118.12767857142833,1.7000000000000002,69.48686974789901,EXTREME_HIGH
38117421,45.857142857142975,5.25,8.734693877551043,EXTREME_HIGH
38117466,68.78571428571412,2.25,30.5714285714285,EXTREME_HIGH
38117604,45.857142857142975,6.0,7.642857142857163,EXTREME_HIGH
38117757,22.928571428571487,2.25,10.190476190476216,EXTREME_HIGH
38117822,91.71428571428595,14.55,6.303387334315185,EXTREME_HIGH
38118015,25.00446428571433,4.5,5.556547619047629,EXTREME_HIGH
38118059,45.857142857142975,8.25,5.558441558441572,EXTREME_HIGH
38118073,22.928571428571487,1.5,15.285714285714326,EXTREME_HIGH
38118076,22.928571428571487,4.5,5.095238095238108,EXTREME_HIGH
38104995,8.84923469387755,1.5,5.899489795918367,EXTREME_HIGH
38112964,15.296556122449019,3.0,5.09885204081634,EXTREME_HIGH
38118169,45.857142857142975,3.0,15.285714285714326,EXTREME_HIGH
38113984,22.928571428571487,4.5,5.095238095238108,EXTREME_HIGH
38118788,127.05155555555578,8.0,15.881444444444472,EXTREME_HIGH
38122569,22.928571428571487,3.75,6.11428571428573,EXTREME_HIGH
38122587,33.62857142857154,5.5,6.114285714285734,EXTREME_HIGH
38122611,45.857142857142975,6.75,6.793650793650811,EXTREME_HIGH
38122634,23.09999999999996,4.5,5.133333333333324,EXTREME_HIGH
38122890,23.0,3.75,6.133333333333334,EXTREME_HIGH
38122964,45.857142857142975,7.5,6.11428571428573,EXTREME_HIGH
38123358,22.928571428571487,3.0,7.642857142857163,EXTREME_HIGH
38123400,22.928571428571487,3.75,6.11428571428573,EXTREME_HIGH
38126951,13.585714285714255,2.25,6.038095238095225,EXTREME_HIGH
38127283,34.100000000000016,3.3000000000000003,10.333333333333337,EXTREME_HIGH
38127343,22.928571428571487,1.5,15.285714285714326,EXTREME_HIGH
38127422,26.787931034482686,5.25,5.1024630541871785,EXTREME_HIGH
38127523,8.598214285714265,1.5,5.732142857142843,EXTREME_HIGH
38127532,16.699192176870714,3.0,5.566397392290238,EXTREME_HIGH
38127544,30.118622448979668,6.0,5.019770408163278,EXTREME_HIGH
38127546,17.19642857142853,3.0,5.732142857142843,EXTREME_HIGH
38127548,30.118622448979668,2.25,13.38605442176874,EXTREME_HIGH
38127652,17.402857142857208,3.0,5.800952380952403,EXTREME_HIGH
38127674,7.6428571428571255,1.5,5.095238095238083,EXTREME_HIGH
38127725,199.61234056122495,30.1,6.631639221303154,EXTREME_HIGH
38127747,10.476475155279486,1.5,6.984316770186324,EXTREME_HIGH
38127748,8.04891774891776,1.5,5.365945165945173,EXTREME_HIGH
38127755,10.734782608695612,0.75,14.313043478260816,EXTREME_HIGH
38127766,14.395714285714249,1.5,9.597142857142833,EXTREME_HIGH
38127774,11.464285714285744,1.5,7.642857142857163,EXTREME_HIGH
38127787,10.394866071428552,0.75,13.859821428571403,EXTREME_HIGH
38127793,8.698690476190508,0.75,11.598253968254012,EXTREME_HIGH
38127802,244.57142857142802,8.0,30.571428571428502,EXTREME_HIGH
38127834,41.082589285714185,7.5,5.477678571428558,EXTREME_HIGH
38127848,94.12388392857139,5.25,17.928358843537406,EXTREME_HIGH
38127851,51.691181586270936,0.75,68.92157544836125,EXTREME_HIGH
38127860,9.171428571428548,0.75,12.228571428571398,EXTREME_HIGH
38127863,10.734782608695614,0.75,14.313043478260818,EXTREME_HIGH
38127897,9.171428571428548,1.5,6.114285714285699,EXTREME_HIGH
38127937,20.789732142857105,1.5,13.859821428571403,EXTREME_HIGH
38127944,9.464285714285715,0.75,12.61904761904762,EXTREME_HIGH
38127952,9.464285714285715,1.5,6.30952380952381,EXTREME_HIGH
38127971,8.698690476190508,0.75,11.598253968254012,EXTREME_HIGH
38127986,18.29081632653063,1.5,12.193877551020421,EXTREME_HIGH
38128000,9.464285714285715,0.75,12.61904761904762,EXTREME_HIGH
38128001,9.766895604395613,0.75,13.022527472527484,EXTREME_HIGH
38128003,7.475056689342396,0.75,9.966742252456529,EXTREME_HIGH
38128007,10.734782608695614,0.75,14.313043478260818,EXTREME_HIGH
38128013,11.090503246753293,0.75,14.787337662337725,EXTREME_HIGH
38128029,9.464285714285715,0.75,12.61904761904762,EXTREME_HIGH
38128043,10.734782608695614,0.75,14.313043478260818,EXTREME_HIGH
38128055,10.402455357142838,0.75,13.86994047619045,EXTREME_HIGH
38128079,10.394866071428552,0.75,13.859821428571403,EXTREME_HIGH
38128088,9.766895604395613,0.75,13.022527472527484,EXTREME_HIGH
38128104,103.6749999999996,8.799999999999999,11.781249999999956,EXTREME_HIGH
38128143,59.93809323729483,5.5,10.897835134053606,EXTREME_HIGH
38109672,22.928571428571487,3.75,6.11428571428573,EXTREME_HIGH
38114227,22.928571428571487,3.0,7.642857142857163,EXTREME_HIGH
38119226,414.41269841269866,72.0,5.755731922398592,EXTREME_HIGH
38119255,92.75682539682552,16.0,5.797301587301595,EXTREME_HIGH
38119273,22.928571428571487,3.75,6.11428571428573,EXTREME_HIGH
38119375,47.754464285714256,5.25,9.096088435374144,EXTREME_HIGH
38119430,22.928571428571487,4.5,5.095238095238108,EXTREME_HIGH
38119496,22.928571428571487,3.75,6.11428571428573,EXTREME_HIGH
38121394,22.928571428571487,1.5,15.285714285714326,EXTREME_HIGH
38121639,45.857142857142975,1.5,30.57142857142865,EXTREME_HIGH
38122498,45.857142857142975,8.25,5.558441558441572,EXTREME_HIGH
38126338,22.928571428571487,1.5,15.285714285714326,EXTREME_HIGH
38126393,77.33303571428576,11.25,6.874047619047623,EXTREME_HIGH
38127184,22.928571428571487,2.25,10.190476190476216,EXTREME_HIGH
38127200,9.171428571428548,0.75,12.228571428571398,EXTREME_HIGH
38127330,22.928571428571487,3.0,7.642857142857163,EXTREME_HIGH
38128199,38.60425170068026,1.5,25.736167800453504,EXTREME_HIGH
38104042,22.928571428571487,3.0,7.642857142857163,EXTREME_HIGH
38115830,160.5,30.0,5.35,EXTREME_HIGH
38115906,22.928571428571487,3.75,6.11428571428573,EXTREME_HIGH
38120568,22.928571428571487,3.75,6.11428571428573,EXTREME_HIGH
38121012,244.57142857142802,32.0,7.6428571428571255,EXTREME_HIGH
38121140,68.78571428571412,6.75,10.190476190476167,EXTREME_HIGH
38121301,10.742236024844683,1.5,7.161490683229789,EXTREME_HIGH
38114876,22.928571428571487,0.75,30.57142857142865,EXTREME_HIGH
38115353,46.5,5.25,8.857142857142858,EXTREME_HIGH
38115584,22.928571428571487,4.5,5.095238095238108,EXTREME_HIGH
38119825,22.928571428571487,3.75,6.11428571428573,EXTREME_HIGH
38124338,22.928571428571487,3.0,7.642857142857163,EXTREME_HIGH
38124385,23.53999999999993,4.62,5.095238095238081,EXTREME_HIGH
38124470,22.928571428571487,3.75,6.11428571428573,EXTREME_HIGH
38111033,22.928571428571487,3.0,7.642857142857163,EXTREME_HIGH
38101701,33.62857142857154,5.5,6.114285714285734,EXTREME_HIGH
38101816,22.928571428571487,4.5,5.095238095238108,EXTREME_HIGH
38110639,31.52678571428557,4.5,7.0059523809523485,EXTREME_HIGH
38110755,22.928571428571487,1.5,15.285714285714326,EXTREME_HIGH
38116388,22.928571428571487,3.75,6.11428571428573,EXTREME_HIGH
38116445,64.48660714285701,7.5,8.598214285714269,EXTREME_HIGH
38117008,23.25,2.25,10.333333333333334,EXTREME_HIGH
38117048,22.928571428571487,3.75,6.11428571428573,EXTREME_HIGH
